Ecological interaction type,High_Level_Tax_org1,genus_org1,species_org1,Accession_org1,High_Level_Tax_org2,genus_org2,species_org2,Accession_org2,Bib_ref,Bib_link,Observation_type
par,NA,Amoebophrya,NA,JN998202,NA,Dinophysis,acuminata,NA,(Alves-De-Souza et al. 2012),10.3354/ame01567,3
par,NA,Amoebophrya,NA,JN998203,NA,Dinophysis,acuminata,NA,(Alves-De-Souza et al. 2012),10.3354/ame01567,3
par,NA,Amoebophrya,NA,JN998204,NA,Dinophysis,acuminata,NA,(Alves-De-Souza et al. 2012),10.3354/ame01567,3
par,NA,Amoebophrya,NA,JN998205,NA,Dinophysis,acuminata,NA,(Alves-De-Souza et al. 2012),10.3354/ame01567,3
par,NA,Amoebophrya,NA,JN998206,NA,Dinophysis,acuminata,NA,(Alves-De-Souza et al. 2012),10.3354/ame01567,3
par,NA,Amoebophrya,NA,JN998207,NA,Dinophysis,acuminata,NA,(Alves-De-Souza et al. 2012),10.3354/ame01567,3
par,NA,Amoebophrya,NA,JN998208,NA,Phalacroma,rotundatum,NA,(Alves-De-Souza et al. 2012),10.3354/ame01567,3
par,NA,Amoebophrya,NA,JN998209,NA,Phalacroma,rotundatum,NA,(Alves-De-Souza et al. 2012),10.3354/ame01567,3
par,NA,Amoebophrya,NA,JN998210,NA,Phalacroma,rotundatum,NA,(Alves-De-Souza et al. 2012),10.3354/ame01567,3
par,NA,Amoebophrya,NA,JN998211,NA,Phalacroma,rotundatum,NA,(Alves-De-Souza et al. 2012),10.3354/ame01567,3
par,NA,Amoebophrya,NA,JN998212,NA,Phalacroma,rotundatum,NA,(Alves-De-Souza et al. 2012),10.3354/ame01567,3
par,NA,Amoebophrya,NA,JN998213,NA,Prorocentrum,micans,NA,(Alves-De-Souza et al. 2012),10.3354/ame01567,3
par,NA,Amoebophrya,NA,JN998214,NA,Prorocentrum,micans,NA,(Alves-De-Souza et al. 2012),10.3354/ame01567,3
par,NA,Amoebophrya,NA,JQ038241,NA,Prorocentrum,micans,NA,(Alves-De-Souza et al. 2012),10.3354/ame01567,3
symb,Prymnesiophyceae,NA,NA,NA,NA,Dictyocoryne,truncatum,NA,(Anderson & Matsuoka 1992),http://cat.inist.fr/?aModele=afficheN&cpsidt=4495971,2
symb,Prymnesiophyceae,NA,NA,NA,NA,Spongodrymus,NA,NA,(Anderson 1983),http://books.google.fr/books?id=G7DCuFhlAbUC,2
symb,Dinophyceae,NA,NA,NA,NA,Collosphaera,NA,NA,(Anderson et al. 1985),10.1017/S0025315400060951,2
symb,Chrysophyceae-Synurophyceae,NA,NA,NA,NA,Physematium,muelleri,NA,(Anderson et al. 1986),http://www.biolbull.org/content/171/1/175.short,2
symb,Dinophyceae,NA,NA,NA,NA,Spongaster,tetras,NA,(Anderson et al. 1989),10.1016/0377-8398(89)90013-3,2
symb,Dinophyceae,NA,NA,NA,NA,Tetrapetalon,elegans,NA,(Anderson et al. 1998),http://agris.fao.org/agris-search/search/display.do?f=1998/US/US98140.xml;US1997067057,2
symb,NA,Scrippsiella,NA,NA,NA,Collozoum,NA,NA,(Anderson et al. 1998),http://agris.fao.org/agris-search/search/display.do?f=1998/US/US98140.xml;US1997067057,2
par,NA,Amoebophrya,NA,GQ152565,NA,Karlodinium,veneficum,NA,(Bachvaroff et al. 2009),10.1111/j.1550-7408.2009.00433.x,3
symb,Prymnesiophyceae,NA,NA,NA,NA,Pulleniatina,obliquiloculata,NA,(Bé et al. 1977),http://www.jstor.org/stable/1485330,2
par,Syndiniales,NA,NA,HQ446964,NA,Actinomma,boreale,NA,(Bråte et al. 2012),10.1016/j.protis.2012.04.004,1
par,Syndiniales,NA,NA,HQ446966,NA,Actinomma,boreale,NA,(Bråte et al. 2012),10.1016/j.protis.2012.04.004,1
par,Syndiniales,NA,NA,HQ446967,NA,Actinomma,boreale,NA,(Bråte et al. 2012),10.1016/j.protis.2012.04.004,1
par,Syndiniales,NA,NA,HQ446973,NA,Ceratospyris,hyperborea,NA,(Bråte et al. 2012),10.1016/j.protis.2012.04.004,1
par,Syndiniales,NA,NA,HQ446971,NA,Challengeron,diodon,NA,(Bråte et al. 2012),10.1016/j.protis.2012.04.004,1
par,Syndiniales,NA,NA,HQ446970,NA,Cladococcus,viminalis,NA,(Bråte et al. 2012),10.1016/j.protis.2012.04.004,1
par,Syndiniales,NA,NA,HQ446961,NA,Hexacontium,gigantheum,NA,(Bråte et al. 2012),10.1016/j.protis.2012.04.004,1
par,Syndiniales,NA,NA,HQ446962,NA,Hexacontium,gigantheum,NA,(Bråte et al. 2012),10.1016/j.protis.2012.04.004,1
par,Syndiniales,NA,NA,HQ446968,NA,Hexacontium,gigantheum,NA,(Bråte et al. 2012),10.1016/j.protis.2012.04.004,1
par,Syndiniales,NA,NA,HQ446965,NA,Lithomelissa,setosa,NA,(Bråte et al. 2012),10.1016/j.protis.2012.04.004,1
par,Syndiniales,NA,NA,HQ446972,NA,Phorticium,clevei,NA,(Bråte et al. 2012),10.1016/j.protis.2012.04.004,1
par,Syndiniales,NA,NA,HQ446969,NA,Phorticium,pylonium,NA,(Bråte et al. 2012),10.1016/j.protis.2012.04.004,1
par,Syndiniales,NA,NA,HQ446963,NA,Streblacantha,circumtexta,NA,(Bråte et al. 2012),10.1016/j.protis.2012.04.004,1
par,Syndiniales,NA,NA,JN190886,NA,Streblacantha,circumtexta,NA,(Bråte et al. 2012),10.1016/j.protis.2012.04.004,1
symb,NA,Solenicola,setigera,NA,NA,Leptocylindrus,mediterraneus,NA,(Buck & Bentham 1998),10.1007/s002270050401,2
par,NA,Amoebophrya,acanthometrae,NA,NA,Acanthometra,pellucida,NA,(Cachon & Cachon 1987),http://www.obs-vlfr.fr/LOV/aquaparadox/html/PFD/Taxonomic%20Monographs/Cachon&Cachon1987.pdf,2
par,NA,Amoebophrya,ceratii,NA,Dinoflagellates,NA,NA,NA,(Cachon & Cachon 1987),http://www.obs-vlfr.fr/LOV/aquaparadox/html/PFD/Taxonomic%20Monographs/Cachon&Cachon1987.pdf,2
par,NA,Amoebophrya,grassei,NA,NA,Oodinium,acanthometrae,NA,(Cachon & Cachon 1987),http://www.obs-vlfr.fr/LOV/aquaparadox/html/PFD/Taxonomic%20Monographs/Cachon&Cachon1987.pdf,2
par,NA,Amoebophrya,leptodisci,NA,NA,Leptodiscus,medusoides,NA,(Cachon & Cachon 1987),http://www.obs-vlfr.fr/LOV/aquaparadox/html/PFD/Taxonomic%20Monographs/Cachon&Cachon1987.pdf,2
par,NA,Amoebophrya,rosei,NA,Hydrozoa,NA,NA,NA,(Cachon & Cachon 1987),http://www.obs-vlfr.fr/LOV/aquaparadox/html/PFD/Taxonomic%20Monographs/Cachon&Cachon1987.pdf,2
par,NA,Amoebophrya,rosei,NA,Sagittoidea,NA,NA,NA,(Cachon & Cachon 1987),http://www.obs-vlfr.fr/LOV/aquaparadox/html/PFD/Taxonomic%20Monographs/Cachon&Cachon1987.pdf,2
par,NA,Amoebophrya,sticholonchae,NA,NA,Sticholonche,NA,NA,(Cachon & Cachon 1987),http://www.obs-vlfr.fr/LOV/aquaparadox/html/PFD/Taxonomic%20Monographs/Cachon&Cachon1987.pdf,2
par,NA,Amoebophrya,tintinni,NA,NA,Xystonella,lohmanni,NA,(Cachon & Cachon 1987),http://www.obs-vlfr.fr/LOV/aquaparadox/html/PFD/Taxonomic%20Monographs/Cachon&Cachon1987.pdf,2
par,NA,Apodinium,chattoni,NA,Appendicularia,NA,NA,NA,(Cachon & Cachon 1987),http://www.obs-vlfr.fr/LOV/aquaparadox/html/PFD/Taxonomic%20Monographs/Cachon&Cachon1987.pdf,2
par,NA,Apodinium,mycetoides,NA,Appendicularia,NA,NA,NA,(Cachon & Cachon 1987),http://www.obs-vlfr.fr/LOV/aquaparadox/html/PFD/Taxonomic%20Monographs/Cachon&Cachon1987.pdf,2
par,NA,Apodinium,rhizophorum,NA,Appendicularia,NA,NA,NA,(Cachon & Cachon 1987),http://www.obs-vlfr.fr/LOV/aquaparadox/html/PFD/Taxonomic%20Monographs/Cachon&Cachon1987.pdf,2
par,NA,Apodinium,zygorhizum,NA,Appendicularia,NA,NA,NA,(Cachon & Cachon 1987),http://www.obs-vlfr.fr/LOV/aquaparadox/html/PFD/Taxonomic%20Monographs/Cachon&Cachon1987.pdf,2
par,NA,Atlanticellodinium,tregouffi,NA,NA,Planktonetta,atlantica,NA,(Cachon & Cachon 1987),http://www.obs-vlfr.fr/LOV/aquaparadox/html/PFD/Taxonomic%20Monographs/Cachon&Cachon1987.pdf,2
par,NA,Cachonella,echinaria,NA,Hydrozoa,NA,NA,NA,(Cachon & Cachon 1987),http://www.obs-vlfr.fr/LOV/aquaparadox/html/PFD/Taxonomic%20Monographs/Cachon&Cachon1987.pdf,2
par,NA,Cachonella,paradoxa,NA,Hydrozoa,NA,NA,NA,(Cachon & Cachon 1987),http://www.obs-vlfr.fr/LOV/aquaparadox/html/PFD/Taxonomic%20Monographs/Cachon&Cachon1987.pdf,2
par,NA,Cystodinedria,inermis,NA,Hydrozoa,NA,NA,NA,(Cachon & Cachon 1987),http://www.obs-vlfr.fr/LOV/aquaparadox/html/PFD/Taxonomic%20Monographs/Cachon&Cachon1987.pdf,2
par,NA,Cystodinium,bataviense,NA,Hydrozoa,NA,NA,NA,(Cachon & Cachon 1987),http://www.obs-vlfr.fr/LOV/aquaparadox/html/PFD/Taxonomic%20Monographs/Cachon&Cachon1987.pdf,2
par,NA,Haplozoon,inerme,NA,Appendicularia,NA,NA,NA,(Cachon & Cachon 1987),http://www.obs-vlfr.fr/LOV/aquaparadox/html/PFD/Taxonomic%20Monographs/Cachon&Cachon1987.pdf,2
par,NA,Keppenodinium,lobatum,NA,NA,Plegmosphaera,NA,NA,(Cachon & Cachon 1987),http://www.obs-vlfr.fr/LOV/aquaparadox/html/PFD/Taxonomic%20Monographs/Cachon&Cachon1987.pdf,2
par,NA,Keppenodinium,mycetoides,NA,NA,Spongosphaera,NA,NA,(Cachon & Cachon 1987),http://www.obs-vlfr.fr/LOV/aquaparadox/html/PFD/Taxonomic%20Monographs/Cachon&Cachon1987.pdf,2
par,NA,Keppenodinium,piriforme,NA,NA,Actinosphaera,NA,NA,(Cachon & Cachon 1987),http://www.obs-vlfr.fr/LOV/aquaparadox/html/PFD/Taxonomic%20Monographs/Cachon&Cachon1987.pdf,2
par,NA,Myxodinium,pipiens,NA,NA,Halosphaera,NA,NA,(Cachon & Cachon 1987),http://www.obs-vlfr.fr/LOV/aquaparadox/html/PFD/Taxonomic%20Monographs/Cachon&Cachon1987.pdf,2
par,NA,Oodinium,acanthometrae,NA,NA,Acanthometra,pellucida,NA,(Cachon & Cachon 1987),http://www.obs-vlfr.fr/LOV/aquaparadox/html/PFD/Taxonomic%20Monographs/Cachon&Cachon1987.pdf,2
par,NA,Oodinium,fritillariae,NA,NA,Fritillaria,pellucida,NA,(Cachon & Cachon 1987),http://www.obs-vlfr.fr/LOV/aquaparadox/html/PFD/Taxonomic%20Monographs/Cachon&Cachon1987.pdf,2
par,NA,Protoodinium,chattoni,NA,Hydrozoa,NA,NA,NA,(Cachon & Cachon 1987),http://www.obs-vlfr.fr/LOV/aquaparadox/html/PFD/Taxonomic%20Monographs/Cachon&Cachon1987.pdf,2
par,NA,Protoodinium,hovassei,NA,Hydrozoa,NA,NA,NA,(Cachon & Cachon 1987),http://www.obs-vlfr.fr/LOV/aquaparadox/html/PFD/Taxonomic%20Monographs/Cachon&Cachon1987.pdf,2
par,NA,Solenodinium,denseum,NA,NA,Thalassicolla,NA,NA,(Cachon & Cachon 1987),http://www.obs-vlfr.fr/LOV/aquaparadox/html/PFD/Taxonomic%20Monographs/Cachon&Cachon1987.pdf,2
par,NA,Solenodinium,fallax,NA,NA,Thalassicolla,NA,NA,(Cachon & Cachon 1987),http://www.obs-vlfr.fr/LOV/aquaparadox/html/PFD/Taxonomic%20Monographs/Cachon&Cachon1987.pdf,2
par,NA,Solenodinium,leptotaemia,NA,NA,Thalassicolla,NA,NA,(Cachon & Cachon 1987),http://www.obs-vlfr.fr/LOV/aquaparadox/html/PFD/Taxonomic%20Monographs/Cachon&Cachon1987.pdf,2
par,NA,Sphaeripara,catenata,NA,Appendicularia,NA,NA,NA,(Cachon & Cachon 1987),http://www.obs-vlfr.fr/LOV/aquaparadox/html/PFD/Taxonomic%20Monographs/Cachon&Cachon1987.pdf,2
par,NA,Sphaeripara,paradoxa,NA,Appendicularia,NA,NA,NA,(Cachon & Cachon 1987),http://www.obs-vlfr.fr/LOV/aquaparadox/html/PFD/Taxonomic%20Monographs/Cachon&Cachon1987.pdf,2
par,NA,Stylodinium,gastrophilum,NA,Hydrozoa,NA,NA,NA,(Cachon & Cachon 1987),http://www.obs-vlfr.fr/LOV/aquaparadox/html/PFD/Taxonomic%20Monographs/Cachon&Cachon1987.pdf,2
par,NA,Stylodinium,globusum,NA,Hydrozoa,NA,NA,NA,(Cachon & Cachon 1987),http://www.obs-vlfr.fr/LOV/aquaparadox/html/PFD/Taxonomic%20Monographs/Cachon&Cachon1987.pdf,2
par,NA,Syndinium,astutum,NA,NA,Sphaerozoum,NA,NA,(Cachon & Cachon 1987),http://www.obs-vlfr.fr/LOV/aquaparadox/html/PFD/Taxonomic%20Monographs/Cachon&Cachon1987.pdf,2
par,NA,Syndinium,belari,NA,NA,Collozoum,NA,NA,(Cachon & Cachon 1987),http://www.obs-vlfr.fr/LOV/aquaparadox/html/PFD/Taxonomic%20Monographs/Cachon&Cachon1987.pdf,2
par,NA,Syndinium,borgerti,NA,NA,Aulacantha,NA,NA,(Cachon & Cachon 1987),http://www.obs-vlfr.fr/LOV/aquaparadox/html/PFD/Taxonomic%20Monographs/Cachon&Cachon1987.pdf,2
par,NA,Syndinium,brandti,NA,NA,Collozoum,NA,NA,(Cachon & Cachon 1987),http://www.obs-vlfr.fr/LOV/aquaparadox/html/PFD/Taxonomic%20Monographs/Cachon&Cachon1987.pdf,2
par,NA,Syndinium,breve,NA,NA,Sphaerozoum,NA,NA,(Cachon & Cachon 1987),http://www.obs-vlfr.fr/LOV/aquaparadox/html/PFD/Taxonomic%20Monographs/Cachon&Cachon1987.pdf,2
par,NA,Syndinium,chattoni,NA,NA,Sphaerozoum,NA,NA,(Cachon & Cachon 1987),http://www.obs-vlfr.fr/LOV/aquaparadox/html/PFD/Taxonomic%20Monographs/Cachon&Cachon1987.pdf,2
par,NA,Syndinium,dolosum,NA,NA,Sphaerozoum,NA,NA,(Cachon & Cachon 1987),http://www.obs-vlfr.fr/LOV/aquaparadox/html/PFD/Taxonomic%20Monographs/Cachon&Cachon1987.pdf,2
par,NA,Syndinium,globiforme,NA,NA,Collozoum,NA,NA,(Cachon & Cachon 1987),http://www.obs-vlfr.fr/LOV/aquaparadox/html/PFD/Taxonomic%20Monographs/Cachon&Cachon1987.pdf,2
par,NA,Syndinium,insidiosum,NA,NA,Collozoum,NA,NA,(Cachon & Cachon 1987),http://www.obs-vlfr.fr/LOV/aquaparadox/html/PFD/Taxonomic%20Monographs/Cachon&Cachon1987.pdf,2
par,NA,Syndinium,mendax,NA,NA,Myxosphaera,NA,NA,(Cachon & Cachon 1987),http://www.obs-vlfr.fr/LOV/aquaparadox/html/PFD/Taxonomic%20Monographs/Cachon&Cachon1987.pdf,2
par,NA,Syndinium,vernale,NA,NA,Collozoum,NA,NA,(Cachon & Cachon 1987),http://www.obs-vlfr.fr/LOV/aquaparadox/html/PFD/Taxonomic%20Monographs/Cachon&Cachon1987.pdf,2
symb,NA,Pedinomonas,symbiotica,NA,NA,Thalassolampe,margarodes,NA,(Cachon & Caram 1979),10.2216/i0031-8884-18-3-177.1,1
par,NA,Martelia,NA,NA,NA,Acartia,granii,NA,(Carrasco et al. 2007),10.1016/j.aquaculture.2007.03.030,1
par,NA,Amoebophrya,NA,HQ658161,NA,Scrippsiella,trochoidea,HQ658160,(Chambouvet et al. 2011),10.1016/j.protis.2010.12.001,3
par,NA,Amoebophrya,NA,HQ337038,NA,Alexandrium,tamarense,NA,(Chambouvet et al. 2011),10.1016/j.resmic.2011.03.002,3
par,NA,Amoebophrya,NA,HM483395,NA,Akashiwo,sanguinea,NA,(Coats et al. 2010),10.1111/j.1550-7408.2010.00504.x,3
par,NA,Amoebophrya,NA,HM483394,NA,Gymnodinium,instriatum,NA,(Coats et al. 2010),10.1111/j.1550-7408.2010.00504.x,3
par,NA,Duboscquodinium,collinii,HM483398,NA,Eutintinnus,fraknoii,NA,(Coats et al. 2010),10.1111/j.1550-7408.2010.00504.x,3
par,NA,Duboscquodinium,collinii,HM483399,NA,Eutintinnus,fraknoii,NA,(Coats et al. 2010),10.1111/j.1550-7408.2010.00504.x,3
par,NA,Tintinnophagus,acutus,HM483397,NA,Tintinnopsis,cylindrica,NA,(Coats et al. 2010),10.1111/j.1550-7408.2010.00504.x,3
par,NA,Euduboscquella,crenulata,JN606065,NA,Favella,panamensis,NA,(Coats et al. 2012),10.1111/j.1550-7408.2011.00588.x,3
symb,NA,Phaeocystis,NA,NA,Acantharia,Acanthometra,fusca,JN811165,(Decelle et al. 2012),10.1073/pnas.1212303109,3
symb,NA,Phaeocystis,NA,NA,Acantharia,Acanthometra,fusca,KC172856,(Decelle et al. 2012),10.1073/pnas.1212303109,3
symb,NA,Phaeocystis,NA,NA,Acantharia,Acanthometra,pellucida,JN811190,(Decelle et al. 2012),10.1073/pnas.1212303109,3
symb,NA,Phaeocystis,NA,NA,Acantharia,Acanthometra,pellucida,JN811196,(Decelle et al. 2012),10.1073/pnas.1212303109,3
symb,NA,Phaeocystis,NA,NA,Acantharia,Acanthometron,sp.,JQ697708,(Decelle et al. 2012),10.1073/pnas.1212303109,3
symb,NA,Phaeocystis,NA,NA,Acantharia,Acanthometron,sp.,JQ697709,(Decelle et al. 2012),10.1073/pnas.1212303109,3
symb,NA,Phaeocystis,NA,NA,Acantharia,Acanthometron,sp.,JQ697710,(Decelle et al. 2012),10.1073/pnas.1212303109,3
symb,NA,Phaeocystis,NA,NA,Acantharia,Acanthometron,sp.,JQ697711,(Decelle et al. 2012),10.1073/pnas.1212303109,3
symb,NA,Phaeocystis,NA,NA,Acantharia,Acanthometron,sp.,JQ697712,(Decelle et al. 2012),10.1073/pnas.1212303109,3
symb,NA,Phaeocystis,NA,NA,Acantharia,Acanthometron,sp.,JQ697713,(Decelle et al. 2012),10.1073/pnas.1212303109,3
symb,NA,Phaeocystis,NA,NA,Acantharia,Acanthometron,sp.,JQ697714,(Decelle et al. 2012),10.1073/pnas.1212303109,3
symb,NA,Phaeocystis,NA,NA,Acantharia,Acanthometron,sp.,JQ697715,(Decelle et al. 2012),10.1073/pnas.1212303109,3
symb,NA,Phaeocystis,NA,NA,Acantharia,Acanthometron,sp.,JQ697716,(Decelle et al. 2012),10.1073/pnas.1212303109,3
symb,NA,Phaeocystis,NA,NA,Acantharia,Acanthometron,sp.,KC172861,(Decelle et al. 2012),10.1073/pnas.1212303109,3
symb,NA,Phaeocystis,NA,NA,Acantharia,Acanthostaurus,conacanthus,JN811172,(Decelle et al. 2012),10.1073/pnas.1212303109,3
symb,NA,Phaeocystis,NA,NA,Acantharia,Acanthostaurus,conacanthus,JN811188,(Decelle et al. 2012),10.1073/pnas.1212303109,3
symb,NA,Phaeocystis,NA,NA,Acantharia,Acanthostaurus,conacanthus,JQ697705,(Decelle et al. 2012),10.1073/pnas.1212303109,3
symb,NA,Phaeocystis,NA,NA,Acantharia,Acanthostaurus,purpurascens,JN811218,(Decelle et al. 2012),10.1073/pnas.1212303109,3
symb,NA,Phaeocystis,NA,NA,Acantharia,Acanthostaurus,purpurascens,JN811224,(Decelle et al. 2012),10.1073/pnas.1212303109,3
symb,NA,Phaeocystis,NA,NA,Acantharia,Acanthostaurus,purpurascens,KC172868,(Decelle et al. 2012),10.1073/pnas.1212303109,3
symb,NA,Phaeocystis,NA,NA,Acantharia,Amphibelone,heteracanthum,JN811170,(Decelle et al. 2012),10.1073/pnas.1212303109,3
symb,NA,Phaeocystis,NA,NA,Acantharia,Amphibelone,heteracanthum,JN811191,(Decelle et al. 2012),10.1073/pnas.1212303109,3
symb,NA,Phaeocystis,NA,NA,Acantharia,Amphibelone,hydrotomica,NA,(Decelle et al. 2012),10.1073/pnas.1212303109,3
symb,NA,Phaeocystis,NA,NA,Acantharia,Amphilonche,elongata,JN811151,(Decelle et al. 2012),10.1073/pnas.1212303109,3
symb,NA,Phaeocystis,NA,NA,Acantharia,Amphilonche,elongata,JN811152,(Decelle et al. 2012),10.1073/pnas.1212303109,3
symb,NA,Phaeocystis,NA,NA,Acantharia,Amphistaurus,complanatus,JN811192,(Decelle et al. 2012),10.1073/pnas.1212303109,3
symb,NA,Phaeocystis,NA,NA,Acantharia,Amphistaurus,tetrapterus,JN811159,(Decelle et al. 2012),10.1073/pnas.1212303109,3
symb,NA,Phaeocystis,NA,NA,Acantharia,Arthracanthida,sp.,KC172871,(Decelle et al. 2012),10.1073/pnas.1212303109,3
symb,NA,Phaeocystis,NA,NA,Acantharia,Arthracanthida,sp.,KC172872,(Decelle et al. 2012),10.1073/pnas.1212303109,3
symb,NA,Phaeocystis,NA,NA,Acantharia,Arthracanthida,sp.,KC172873,(Decelle et al. 2012),10.1073/pnas.1212303109,3
symb,NA,Phaeocystis,NA,NA,Acantharia,Coleaspis,vaginata,JN811204,(Decelle et al. 2012),10.1073/pnas.1212303109,3
symb,NA,Phaeocystis,NA,NA,Acantharia,Coleaspis,vaginata,JN811215,(Decelle et al. 2012),10.1073/pnas.1212303109,3
symb,NA,Phaeocystis,NA,NA,Acantharia,Diploconus,fasces,NA,(Decelle et al. 2012),10.1073/pnas.1212303109,3
symb,NA,Phaeocystis,NA,NA,Acantharia,Dorataspis,loricata,JN811166,(Decelle et al. 2012),10.1073/pnas.1212303109,3
symb,NA,Phaeocystis,NA,NA,Acantharia,Dorataspis,loricata,JN811194,(Decelle et al. 2012),10.1073/pnas.1212303109,3
symb,NA,Phaeocystis,NA,NA,Acantharia,Hexaconus,NA,NA,(Decelle et al. 2012),10.1073/pnas.1212303109,3
symb,NA,Phaeocystis,NA,NA,Acantharia,Larcidium,dodecanthum,JN811193,(Decelle et al. 2012),10.1073/pnas.1212303109,3
symb,NA,Phaeocystis,NA,NA,Acantharia,Larcidium,dodecanthum,KC172863,(Decelle et al. 2012),10.1073/pnas.1212303109,3
symb,NA,Phaeocystis,NA,NA,Acantharia,Larcidium,dodecanthum,KC172864,(Decelle et al. 2012),10.1073/pnas.1212303109,3
symb,NA,Phaeocystis,NA,NA,Acantharia,Lithoptera,fenestrata,NA,(Decelle et al. 2012),10.1073/pnas.1212303109,3
symb,NA,Phaeocystis,NA,NA,Acantharia,Lithoptera,sp.,JQ706068,(Decelle et al. 2012),10.1073/pnas.1212303109,3
symb,NA,Phaeocystis,NA,NA,Acantharia,Lithoptera,sp.,KC172857,(Decelle et al. 2012),10.1073/pnas.1212303109,3
symb,NA,Phaeocystis,NA,NA,Acantharia,Lonchostaurus,rombicus,JN811150,(Decelle et al. 2012),10.1073/pnas.1212303109,3
symb,NA,Phaeocystis,NA,NA,Acantharia,Lonchostaurus,rombicus,JN811158,(Decelle et al. 2012),10.1073/pnas.1212303109,3
symb,NA,Phaeocystis,NA,NA,Acantharia,Lychnaspis,giltschi,JN811168,(Decelle et al. 2012),10.1073/pnas.1212303109,3
symb,NA,Phaeocystis,NA,NA,Acantharia,Lychnaspis,giltschi,JN811177,(Decelle et al. 2012),10.1073/pnas.1212303109,3
symb,NA,Phaeocystis,NA,NA,Acantharia,Lychnaspis,giltschi,JN811181,(Decelle et al. 2012),10.1073/pnas.1212303109,3
symb,NA,Phaeocystis,NA,NA,Acantharia,Lychnaspis,giltschi,JN811183,(Decelle et al. 2012),10.1073/pnas.1212303109,3
symb,NA,Phaeocystis,NA,NA,Acantharia,Lychnaspis,giltschi,JN811185,(Decelle et al. 2012),10.1073/pnas.1212303109,3
symb,NA,Phaeocystis,NA,NA,Acantharia,Lychnaspis,giltschi,JN811186,(Decelle et al. 2012),10.1073/pnas.1212303109,3
symb,NA,Phaeocystis,NA,NA,Acantharia,Phractopelta,dorataspis,JN811178,(Decelle et al. 2012),10.1073/pnas.1212303109,3
symb,NA,Phaeocystis,NA,NA,Acantharia,Phractopelta,sarmentosa,JN811180,(Decelle et al. 2012),10.1073/pnas.1212303109,3
symb,NA,Phaeocystis,NA,NA,Acantharia,Phyllostaurus,claparedi,JQ697717,(Decelle et al. 2012),10.1073/pnas.1212303109,3
symb,NA,Phaeocystis,NA,NA,Acantharia,Phyllostaurus,cuspidatus,JN811148,(Decelle et al. 2012),10.1073/pnas.1212303109,3
symb,NA,Phaeocystis,NA,NA,Acantharia,Phyllostaurus,cuspidatus,JN811149,(Decelle et al. 2012),10.1073/pnas.1212303109,3
symb,NA,Phaeocystis,NA,NA,Acantharia,Phyllostaurus,cuspidatus,JN811160,(Decelle et al. 2012),10.1073/pnas.1212303109,3
symb,NA,Phaeocystis,NA,NA,Acantharia,Phyllostaurus,cuspidatus,JN811162,(Decelle et al. 2012),10.1073/pnas.1212303109,3
symb,NA,Phaeocystis,NA,NA,Acantharia,Phyllostaurus,cuspidatus,JN811179,(Decelle et al. 2012),10.1073/pnas.1212303109,3
symb,NA,Phaeocystis,NA,NA,Acantharia,Phyllostaurus,cuspidatus,JN811187,(Decelle et al. 2012),10.1073/pnas.1212303109,3
symb,NA,Phaeocystis,NA,NA,Acantharia,Phyllostaurus,cuspidatus,JN811226,(Decelle et al. 2012),10.1073/pnas.1212303109,3
symb,NA,Phaeocystis,NA,NA,Acantharia,Phyllostaurus,cuspidatus,JQ697698,(Decelle et al. 2012),10.1073/pnas.1212303109,3
symb,NA,Phaeocystis,NA,NA,Acantharia,Phyllostaurus,cuspidatus,JQ697699,(Decelle et al. 2012),10.1073/pnas.1212303109,3
symb,NA,Phaeocystis,NA,NA,Acantharia,Phyllostaurus,cuspidatus,JQ697701,(Decelle et al. 2012),10.1073/pnas.1212303109,3
symb,NA,Phaeocystis,NA,NA,Acantharia,Phyllostaurus,cuspidatus,JQ697702,(Decelle et al. 2012),10.1073/pnas.1212303109,3
symb,NA,Phaeocystis,NA,NA,Acantharia,Phyllostaurus,cuspidatus,JQ697703,(Decelle et al. 2012),10.1073/pnas.1212303109,3
symb,NA,Phaeocystis,NA,NA,Acantharia,Phyllostaurus,cuspidatus,JQ697704,(Decelle et al. 2012),10.1073/pnas.1212303109,3
symb,NA,Phaeocystis,NA,NA,Acantharia,Phyllostaurus,quadrangulus,JN811154,(Decelle et al. 2012),10.1073/pnas.1212303109,3
symb,NA,Phaeocystis,NA,NA,Acantharia,Phyllostaurus,quadrangulus,JN811189,(Decelle et al. 2012),10.1073/pnas.1212303109,3
symb,NA,Phaeocystis,NA,NA,Acantharia,Phyllostaurus,quadrangulus,JN811214,(Decelle et al. 2012),10.1073/pnas.1212303109,3
symb,NA,Phaeocystis,NA,NA,Acantharia,Phyllostaurus,siculus,JN811153,(Decelle et al. 2012),10.1073/pnas.1212303109,3
symb,NA,Phaeocystis,NA,NA,Acantharia,Phyllostaurus,siculus,JN811164,(Decelle et al. 2012),10.1073/pnas.1212303109,3
symb,NA,Phaeocystis,NA,NA,Acantharia,Phyllostaurus,siculus,JN811173,(Decelle et al. 2012),10.1073/pnas.1212303109,3
symb,NA,Phaeocystis,NA,NA,Acantharia,Stauracantha,orthostaura,JN811167,(Decelle et al. 2012),10.1073/pnas.1212303109,3
symb,NA,Phaeocystis,NA,NA,Acantharia,Stauracantha,orthostaura,JN811200,(Decelle et al. 2012),10.1073/pnas.1212303109,3
symb,NA,Phaeocystis,NA,NA,Acantharia,Xiphacantha,alata,JN811213,(Decelle et al. 2012),10.1073/pnas.1212303109,3
symb,NA,Phaeocystis,NA,NA,Acantharia,Xiphacantha,alata,JN811217,(Decelle et al. 2012),10.1073/pnas.1212303109,3
symb,NA,Phaeocystis,NA,NA,Acantharia,Xiphacantha,alata,JQ697697,(Decelle et al. 2012),10.1073/pnas.1212303109,3
symb,NA,Phaeocystis,NA,NA,Acantharia,Xiphacantha,alata,JQ697700,(Decelle et al. 2012),10.1073/pnas.1212303109,3
symb,NA,Phaeocystis,NA,NA,Acantharia,Xiphacantha,alata,JQ697706,(Decelle et al. 2012),10.1073/pnas.1212303109,3
symb,NA,Phaeocystis,NA,NA,Acantharia,Xiphacantha,alata,JQ697707,(Decelle et al. 2012),10.1073/pnas.1212303109,3
symb,NA,Phaeocystis,NA,NA,Acantharia,Xiphacantha,quadridentata,JN811155,(Decelle et al. 2012),10.1073/pnas.1212303109,3
symb,NA,Phaeocystis,NA,NA,Acantharia,Xiphacantha,quadridentata,JN811169,(Decelle et al. 2012),10.1073/pnas.1212303109,3
symb,NA,Phaeocystis,NA,NA,Acantharia,Xiphacantha,quadridentata,JN811201,(Decelle et al. 2012),10.1073/pnas.1212303109,3
symb,NA,Phaeocystis,NA,NA,Acantharia,Xiphacantha,quadridentata,JN811216,(Decelle et al. 2012),10.1073/pnas.1212303109,3
symb,Syndiniales,NA,NA,DQ916407,NA,Actinomma,NA,NA,(Dolven et al. 2007),10.1016/j.protis.2006.07.004,1
symb,Dinophyceae,NA,NA,DQ916408,NA,Androcyclas,gamphonyca,NA,(Dolven et al. 2007),10.1016/j.protis.2006.07.004,1
symb,Dinophyceae,NA,NA,DQ916409,NA,Androcyclas,gamphonyca,NA,(Dolven et al. 2007),10.1016/j.protis.2006.07.004,1
symb,Dinophyceae,NA,NA,DQ916399,NA,Ceratospyris,hyperborea,NA,(Dolven et al. 2007),10.1016/j.protis.2006.07.004,1
symb,Syndiniales,NA,NA,DQ916410,NA,Challengeron,diodon,NA,(Dolven et al. 2007),10.1016/j.protis.2006.07.004,1
symb,Syndiniales,NA,NA,DQ916402,NA,Hexacontium,gigantheum,NA,(Dolven et al. 2007),10.1016/j.protis.2006.07.004,1
symb,Bacillariophyta,NA,NA,DQ916403,NA,Hexacontium,pachydermum,NA,(Dolven et al. 2007),10.1016/j.protis.2006.07.004,1
symb,Syndiniales,NA,NA,DQ916404,NA,Hexacontium,pachydermum,NA,(Dolven et al. 2007),10.1016/j.protis.2006.07.004,1
symb,Syndiniales,NA,NA,DQ916405,NA,Hexacontium,pachydermum,NA,(Dolven et al. 2007),10.1016/j.protis.2006.07.004,1
symb,Dinophyceae,NA,NA,DQ916400,NA,Phorticium,pylonium,NA,(Dolven et al. 2007),10.1016/j.protis.2006.07.004,1
symb,Dinophyceae,NA,NA,DQ916401,NA,Phorticium,pylonium,NA,(Dolven et al. 2007),10.1016/j.protis.2006.07.004,1
symb,Syndiniales,NA,NA,DQ916406,NA,Streblacantha,circumtexta,NA,(Dolven et al. 2007),10.1016/j.protis.2006.07.004,1
symb,Dinophyceae,NA,NA,NA,NA,Globigerina,NA,NA,(Faber et al. 1988),10.2113/gsjfr.18.4.334,2
symb,Prymnesiophyceae,NA,NA,NA,NA,Lithoptera,mulleri,NA,(Febvre & Febvre-Chevalier 1979),10.1017/S0025315400046294,2
par,NA,Parvilucifera,sinerae,EU502912,NA,Alexandrium,andersonii,NA,(Figueroa et al. 2008),10.1016/j.protis.2008.05.003,3
par,NA,Parvilucifera,sinerae,EU502912,NA,Alexandrium,catenella,NA,(Figueroa et al. 2008),10.1016/j.protis.2008.05.003,3
par,NA,Parvilucifera,sinerae,EU502912,NA,Alexandrium,insuetum,NA,(Figueroa et al. 2008),10.1016/j.protis.2008.05.003,3
par,NA,Parvilucifera,sinerae,EU502912,NA,Alexandrium,margalefii,NA,(Figueroa et al. 2008),10.1016/j.protis.2008.05.003,3
par,NA,Parvilucifera,sinerae,EU502912,NA,Alexandrium,minutum,NA,(Figueroa et al. 2008),10.1016/j.protis.2008.05.003,3
par,NA,Parvilucifera,sinerae,EU502912,NA,Alexandrium,ostenfeldii,NA,(Figueroa et al. 2008),10.1016/j.protis.2008.05.003,3
par,NA,Parvilucifera,sinerae,EU502912,NA,Alexandrium,peruvianum,NA,(Figueroa et al. 2008),10.1016/j.protis.2008.05.003,3
par,NA,Parvilucifera,sinerae,EU502912,NA,Gymnodinium,catenatum,NA,(Figueroa et al. 2008),10.1016/j.protis.2008.05.003,3
par,NA,Parvilucifera,sinerae,EU502912,NA,Gymnodinium,nolleri,NA,(Figueroa et al. 2008),10.1016/j.protis.2008.05.003,3
par,NA,Parvilucifera,sinerae,EU502912,NA,Karenia,brevis,NA,(Figueroa et al. 2008),10.1016/j.protis.2008.05.003,3
par,NA,Parvilucifera,sinerae,EU502912,NA,Protoceratium,reticulatum,NA,(Figueroa et al. 2008),10.1016/j.protis.2008.05.003,3
par,NA,Pseudohimantidium,pacificum,NA,NA,Farranula,gibbula,NA,(Gárate-Lizárraga & Muñetón-Gómez 2009),http://dialnet.unirioja.es/servlet/oaiart?codigo=3006236,2
symb,Dinophyceae,NA,NA,NA,NA,Spongodrymus,NA,NA,(Gast & Caron 2001),10.1023/A:1012710909023,2
symb,NA,Scrippsiella,NA,NA,NA,Spongostaurus,NA,NA,(Gast & Caron 2001),10.1023/A:1012710909023,2
symb,NA,Scrippsiella,NA,NA,NA,Thalassicolla,NA,NA,(Gast & Caron 2001),10.1023/A:1012710909023,2
par,Dinophyceae,NA,NA,DQ116021,NA,Thalassicolla,nucleata,NA,(Gast 2006),10.1111/j.1550-7408.2005.00071.x,3
par,Dinophyceae,NA,NA,DQ116022,NA,Thalassicolla,nucleata,NA,(Gast 2006),10.1111/j.1550-7408.2005.00071.x,3
symb,Prymnesiophyceae,NA,NA,NA,NA,Globigerinella,siphonifera,NA,(Gast et al. 2000),10.1046/j.1529-8817.2000.99133.x,2
symb,NA,Tetraselmis,NA,NA,NA,Spongodrymus,NA,NA,(Gast et al. 2000),10.1046/j.1529-8817.2000.99133.x,2
par,NA,Perkinsidae,NA,DQ340768,NA,Sardina,pilchardus,NA,(Gestal et al. 2006),10.1111/j.1462-2920.2006.01008.x,3
par,NA,Chytriodinium,affine,FJ473380,Maxillopoda,NA,NA,NA,(Gómez et al. 2009 a),10.1016/j.ejop.2009.05.004,3
par,NA,Chytriodinium,roseum,FJ663049,Maxillopoda,NA,NA,NA,(Gómez et al. 2009 a),10.1016/j.ejop.2009.05.004,3
par,NA,Dissodinium,pseudolunula,FJ473378,Maxillopoda,NA,NA,NA,(Gómez et al. 2009 a),10.1016/j.ejop.2009.05.004,3
par,NA,Dissodinium,pseudolunula,FJ473379,Maxillopoda,NA,NA,NA,(Gómez et al. 2009 a),10.1016/j.ejop.2009.05.004,3
par,NA,Ellobiopsis,chattonii,FJ593705,NA,Acartia,clausii,NA,(Gómez et al. 2009 b),10.1007/s11230-009-9199,3
par,NA,Ellobiopsis,chattonii,FJ593706,NA,Acartia,clausii,NA,(Gómez et al. 2009 b),10.1007/s11230-009-9199,3
par,NA,Ellobiopsis,chattonii,FJ593707,NA,Acartia,clausii,NA,(Gómez et al. 2009 b),10.1007/s11230-009-9199,3
par,NA,Ellobiopsis,chattonii,FJ593708,NA,Acartia,clausii,NA,(Gómez et al. 2009 b),10.1007/s11230-009-9199,3
par,NA,Chytriodinium,NA,NA,NA,Euphausia,pacifica,NA,(Gomez-Gutierrez et al. 2009),10.1093/plankt/fbp026,2
par,NA,Chytriodinium,roseum,NA,NA,Meganyctiphanes,norvegica,NA,(Gomez-Gutierrez et al. 2009),10.1093/plankt/fbp026,2
par,Ephelotidae,NA,NA,NA,NA,Euphausia,pacifica,NA,(Gomez-Gutierrez et al. 2009),10.1093/plankt/fbp026,2
par,NA,Licmophora,NA,NA,NA,Nematoscelis,difficilis,NA,(Gómez-Gutiérrez et al. 2010),10.3354/dao02155,2
par,NA,Licmophora,NA,NA,NA,Nyctiphanes,simplex,NA,(Gómez-Gutiérrez et al. 2010),10.3354/dao02155,2
par,Apostomatia,NA,NA,NA,NA,Nematoscelis,difficilis,NA,(Gómez-Gutiérrez et al. 2010),10.3354/dao02155,2
par,Apostomatia,NA,NA,NA,NA,Nyctiphanes,simplex,NA,(Gómez-Gutiérrez et al. 2010),10.3354/dao02155,2
par,NA,Thalassomyces,fagei,NA,NA,Nematoscelis,difficilis,NA,(Gómez-Gutiérrez et al. 2010),10.3354/dao02155,2
par,NA,Thalassomyces,fagei,NA,NA,Nyctiphanes,simplex,NA,(Gómez-Gutiérrez et al. 2010),10.3354/dao02155,2
par,NA,Lagenisma,coscinodisci,NA,NA,Coscinodiscus,NA,NA,(Gotelli et al. 1971),10.2307/3757698,2
par,NA,Amoebophrya,NA,AF069516,NA,Akashiwo,sanguinea,NA,(Gunderson et al. 1999),10.1111/j.1550-7408.1999.tb04603.x,3
par,NA,Amoebophrya,NA,AF472554,NA,Gymnodinium,instriatum,NA,(Gunderson et al. 2002),10.1111/j.1550-7408.2002.tb00230.x,3
par,NA,Amoebophrya,NA,AF472553,NA,Karlodinium,micrum,NA,(Gunderson et al. 2002),10.1111/j.1550-7408.2002.tb00230.x,3
par,NA,Amoebophrya,NA,AF472555,NA,Scrippsiella,NA,NA,(Gunderson et al. 2002),10.1111/j.1550-7408.2002.tb00230.x,3
par,Apostomatia,NA,NA,JX417888,NA,Acartia,erythraea,NA,(Guo et al. 2012),10.1371/journal.pone.0044847,1
par,Apostomatia,NA,NA,JX417915,NA,Acartia,erythraea,NA,(Guo et al. 2012),10.1371/journal.pone.0044847,1
par,Apostomatia,NA,NA,JX417916,NA,Acartia,erythraea,NA,(Guo et al. 2012),10.1371/journal.pone.0044847,1
par,Apostomatia,NA,NA,JX417917,NA,Acartia,erythraea,NA,(Guo et al. 2012),10.1371/journal.pone.0044847,1
par,Apostomatia,NA,NA,JX417918,NA,Acartia,erythraea,NA,(Guo et al. 2012),10.1371/journal.pone.0044847,1
par,Apostomatia,NA,NA,JX417889,NA,Acartia,pacifica,NA,(Guo et al. 2012),10.1371/journal.pone.0044847,1
par,Apostomatia,NA,NA,JX417926,NA,Acartia,pacifica,NA,(Guo et al. 2012),10.1371/journal.pone.0044847,1
par,Apostomatia,NA,NA,JX417913,NA,Acartia,tonsa,NA,(Guo et al. 2012),10.1371/journal.pone.0044847,1
par,Apostomatia,NA,NA,JX417914,NA,Acartia,tonsa,NA,(Guo et al. 2012),10.1371/journal.pone.0044847,1
par,Apostomatia,NA,NA,JX417928,NA,Calanus,sinicus,NA,(Guo et al. 2012),10.1371/journal.pone.0044847,1
par,Apostomatia,NA,NA,JX417929,NA,Calanus,sinicus,NA,(Guo et al. 2012),10.1371/journal.pone.0044847,1
par,Apostomatia,NA,NA,JX417930,NA,Calanus,sinicus,NA,(Guo et al. 2012),10.1371/journal.pone.0044847,1
par,Apostomatia,NA,NA,JX417919,NA,Canthocalanus,pauper,NA,(Guo et al. 2012),10.1371/journal.pone.0044847,1
par,Apostomatia,NA,NA,JX417920,NA,Canthocalanus,pauper,NA,(Guo et al. 2012),10.1371/journal.pone.0044847,1
par,Apostomatia,NA,NA,JX417927,NA,Centropages,dorsispinatus,NA,(Guo et al. 2012),10.1371/journal.pone.0044847,1
par,Apostomatia,NA,NA,JX417896,NA,Centropages,tenuiremis,NA,(Guo et al. 2012),10.1371/journal.pone.0044847,1
par,Apostomatia,NA,NA,JX417897,NA,Centropages,tenuiremis,NA,(Guo et al. 2012),10.1371/journal.pone.0044847,1
par,Apostomatia,NA,NA,JX417898,NA,Centropages,tenuiremis,NA,(Guo et al. 2012),10.1371/journal.pone.0044847,1
par,Apostomatia,NA,NA,JX417899,NA,Centropages,tenuiremis,NA,(Guo et al. 2012),10.1371/journal.pone.0044847,1
par,Apostomatia,NA,NA,JX417900,NA,Centropages,tenuiremis,NA,(Guo et al. 2012),10.1371/journal.pone.0044847,1
par,Apostomatia,NA,NA,JX417901,NA,Centropages,tenuiremis,NA,(Guo et al. 2012),10.1371/journal.pone.0044847,1
par,Apostomatia,NA,NA,JX417902,NA,Centropages,tenuiremis,NA,(Guo et al. 2012),10.1371/journal.pone.0044847,1
par,Apostomatia,NA,NA,JX417903,NA,Centropages,tenuiremis,NA,(Guo et al. 2012),10.1371/journal.pone.0044847,1
par,Apostomatia,NA,NA,JX417904,NA,Centropages,tenuiremis,NA,(Guo et al. 2012),10.1371/journal.pone.0044847,1
par,Apostomatia,NA,NA,JX417905,NA,Centropages,tenuiremis,NA,(Guo et al. 2012),10.1371/journal.pone.0044847,1
par,Apostomatia,NA,NA,JX417906,NA,Centropages,tenuiremis,NA,(Guo et al. 2012),10.1371/journal.pone.0044847,1
par,Peritrichia,NA,NA,JX417907,NA,Centropages,tenuiremis,NA,(Guo et al. 2012),10.1371/journal.pone.0044847,1
par,Apostomatia,NA,NA,JX417908,NA,Paracalanus,parvus,NA,(Guo et al. 2012),10.1371/journal.pone.0044847,1
par,Apostomatia,NA,NA,JX417909,NA,Paracalanus,parvus,NA,(Guo et al. 2012),10.1371/journal.pone.0044847,1
par,Apostomatia,NA,NA,JX417910,NA,Paracalanus,parvus,NA,(Guo et al. 2012),10.1371/journal.pone.0044847,1
par,Apostomatia,NA,NA,JX417912,NA,Paracalanus,parvus,NA,(Guo et al. 2012),10.1371/journal.pone.0044847,1
par,Peritrichia,NA,NA,JX417911,NA,Paracalanus,parvus,NA,(Guo et al. 2012),10.1371/journal.pone.0044847,1
par,Apostomatia,NA,NA,JX417890,NA,Temora,turbinata,NA,(Guo et al. 2012),10.1371/journal.pone.0044847,1
par,Apostomatia,NA,NA,JX417891,NA,Temora,turbinata,NA,(Guo et al. 2012),10.1371/journal.pone.0044847,1
par,Apostomatia,NA,NA,JX417892,NA,Temora,turbinata,NA,(Guo et al. 2012),10.1371/journal.pone.0044847,1
par,Apostomatia,NA,NA,JX417893,NA,Temora,turbinata,NA,(Guo et al. 2012),10.1371/journal.pone.0044847,1
par,Apostomatia,NA,NA,JX417894,NA,Temora,turbinata,NA,(Guo et al. 2012),10.1371/journal.pone.0044847,1
par,Apostomatia,NA,NA,JX417895,NA,Temora,turbinata,NA,(Guo et al. 2012),10.1371/journal.pone.0044847,1
par,Apostomatia,NA,NA,JX417921,NA,Temora,turbinata,NA,(Guo et al. 2012),10.1371/journal.pone.0044847,1
par,Apostomatia,NA,NA,JX417922,NA,Temora,turbinata,NA,(Guo et al. 2012),10.1371/journal.pone.0044847,1
par,Apostomatia,NA,NA,JX417923,NA,Temora,turbinata,NA,(Guo et al. 2012),10.1371/journal.pone.0044847,1
par,Apostomatia,NA,NA,JX417924,NA,Temora,turbinata,NA,(Guo et al. 2012),10.1371/journal.pone.0044847,1
par,Apostomatia,NA,NA,JX417925,NA,Temora,turbinata,NA,(Guo et al. 2012),10.1371/journal.pone.0044847,1
par,NA,Duboscquella,NA,AB295040,NA,Favella,ehrenbergii,NA,(Harada et al. 2007),10.1016/j.protis.2007.03.005,3
par,NA,Duboscquella,NA,AB295041,NA,Favella,ehrenbergii,NA,(Harada et al. 2007),10.1016/j.protis.2007.03.005,3
par,NA,Ichthyosporidium,NA,NA,NA,Calanus,finmarchicus,NA,(Ho & Perkins 1985),http://www.ingentaconnect.com/content/umrsmas/bullmar/1985/00000037/00000002/art00020,2
par,NA,Leptolegnia,baltica,NA,NA,Calanus,finmarchicus,NA,(Ho & Perkins 1985),http://www.ingentaconnect.com/content/umrsmas/bullmar/1985/00000037/00000002/art00020,2
par,NA,Leptolegnia,baltica,NA,NA,Euretemora,hirundoides,NA,(Ho & Perkins 1985),http://www.ingentaconnect.com/content/umrsmas/bullmar/1985/00000037/00000002/art00020,2
par,NA,Metschnikowia,NA,NA,NA,Calanus,finmarchicus,NA,(Ho & Perkins 1985),http://www.ingentaconnect.com/content/umrsmas/bullmar/1985/00000037/00000002/art00020,2
par,NA,Metschnikowia,NA,NA,NA,Calanus,plunchrus,NA,(Ho & Perkins 1985),http://www.ingentaconnect.com/content/umrsmas/bullmar/1985/00000037/00000002/art00020,2
par,NA,Metschnikowia,NA,NA,NA,Euretemora,vedox,NA,(Ho & Perkins 1985),http://www.ingentaconnect.com/content/umrsmas/bullmar/1985/00000037/00000002/art00020,2
par,NA,Pseudohimantidium,pacificum,NA,NA,Corycaeus,affinis,NA,(Ho & Perkins 1985),http://www.ingentaconnect.com/content/umrsmas/bullmar/1985/00000037/00000002/art00020,2
par,NA,Parvilucifera,prorocentri,FJ424512,NA,Prorocentrum,fukoyoi,NA,(Hoppenrath & Leander 2009),10.1111/j.1550-7408.2009.00395.x,3
symb,Bacillariophyta,NA,NA,NA,NA,Dinothrix,paradoxa,NA,(Horiguchi & Chihara 1993),"http://scholar.google.com/scholar.bib?q=info:vV8bNca5N3EJ:scholar.google.com/&output=citation&scisig=AAGBfm0AAAAAUJvgIllQKx7Viw_IR_UUaFri4MeTAURK&scisf=4&hl=en&num=100&as_sdt=0,5",2
par,NA,Oodinium,inlandicum,NA,NA,Sagitta,crassa,NA,(Horiguchi & Ohtsuka 2001),http://ci.nii.ac.jp/naid/10006977743,2
symb,Bacillariophyta,NA,NA,NA,NA,Peridinium,quinquecorne,NA,(Horiguchi & Pienaar 1991),10.1515/botm.1991.34.2.123,2
par,NA,Amoebophrya,NA,AF239260,NA,Dinophysis,norvegica,AF239261,(Janson et al. 2000),10.1007/s004360000272,3
symb,Prymnesiophyceae,NA,NA,NA,NA,Acanthometra,pellucida,NA,(Kimor et al. 1992),10.1093/plankt/14.9.1217,2
symb,Prymnesiophyceae,NA,NA,NA,NA,Amphilonche,elongata,NA,(Kimor et al. 1992),10.1093/plankt/14.9.1217,2
symb,Prymnesiophyceae,NA,NA,NA,NA,Diploconus,fasces,NA,(Kimor et al. 1992),10.1093/plankt/14.9.1217,2
symb,Dinophyceae,NA,NA,NA,NA,Sphaerozoum,NA,NA,(Kimor et al. 1992),10.1093/plankt/14.9.1217,2
par,NA,Rhizamoeba,schnepfii,NA,NA,Chaetoceros,didymus,NA,(Kühn 1997 a),10.1016/S0003-9365(97)80054-1,2
par,NA,Victoriniella,multiformis,NA,NA,Coscinodiscus,wailesii,NA,(Kühn 1997 b),10.1016/S0003-9365(97)80039-5,2
par,NA,Pirsonia,diadema,AJ561114,NA,Coscinodiscus,granii,NA,(Kühn et al. 2004),10.1078/143446104774199556,3
par,NA,Pirsonia,diadema,AJ561114,NA,Coscinodiscus,wailesii,NA,(Kühn et al. 2004),10.1078/143446104774199556,3
par,NA,Pirsonia,formosa,AJ561110,NA,Eucampia,zoodiacus,NA,(Kühn et al. 2004),10.1078/143446104774199556,3
par,NA,Pirsonia,formosa,AJ561109,NA,Guinardia,delicatula,NA,(Kühn et al. 2004),10.1078/143446104774199556,3
par,NA,Pirsonia,formosa,AJ561111,NA,Leptocylindrus,danicus,NA,(Kühn et al. 2004),10.1078/143446104774199556,3
par,NA,Pirsonia,guinardiae,AJ561112,NA,Guinardia,flaccida,NA,(Kühn et al. 2004),10.1078/143446104774199556,3
par,NA,Pirsonia,punctigera,AJ561115,NA,Thalassiosira,punctigera,NA,(Kühn et al. 2004),10.1078/143446104774199556,3
par,NA,Pirsonia,verrucosa,AJ561113,NA,Guinardia,delicatula,NA,(Kühn et al. 2004),10.1078/143446104774199556,3
par,NA,Pseudopirsonia,mucosa,AJ561116,NA,Rhizosolenia,imbricata,NA,(Kühn et al. 2004),10.1078/143446104774199556,3
par,NA,Dinomyces,arenysensis,NA,NA,Alexandrium,minutum,NA,(Lepelletier et al. 2014),10.1016/j.protis.2014.02.004,3
par,NA,Dinomyces,arenysensis,NA,NA,Alexandrium,catenella,NA,(Lepelletier et al. 2014),10.1016/j.protis.2014.02.004,3
par,NA,Dinomyces,arenysensis,NA,NA,Alexandrium,ostenfeldii,NA,(Lepelletier et al. 2014),10.1016/j.protis.2014.02.004,3
par,NA,Dinomyces,arenysensis,NA,NA,Alexandrium,tamutum,NA,(Lepelletier et al. 2014),10.1016/j.protis.2014.02.004,3
par,NA,Dinomyces,arenysensis,NA,NA,Heterocapsa,triquetra,NA,(Lepelletier et al. 2014),10.1016/j.protis.2014.02.004,3
par,NA,Dinomyces,arenysensis,NA,NA,Ostreopsis,ovata,NA,(Lepelletier et al. 2014),10.1016/j.protis.2014.02.004,3
par,NA,Dinomyces,arenysensis,NA,NA,Scrippsiella,trochoidea,NA,(Lepelletier et al. 2014),10.1016/j.protis.2014.02.004,3
symb,NA,Symbiodinium,NA,NA,NA,Euplotes,uncinatus,NA,(Lobban et al. 2005),10.1007/s00227-005-0024-3,2
symb,NA,Pedinomonas,noctilucae,NA,NA,Noctiluca,scintillans,NA,(Madhu & Jyothibabu 2012),http://www.tandfonline.com/doi/abs/10.1080/17451000.2011.605143,2
par,NA,Oodinium,jordani,NA,NA,Sagitta,elegans,NA,(McLean & Nielsen 1989),10.3354/dao007061,2
par,NA,Verticillium,lecanii,NA,NA,Gymnodinium,NA,NA,(Mountfort et al. 1996),10.1515/botm.1996.39.1-6.159,2
par,NA,Parvilucifera,infectans,AF133909,NA,Protoperidinium,NA,NA,(Norén et al. 1999),10.1016/S0932-4739(99)80001-7,3
par,NA,Vampyrophrya,pelagica,NA,NA,Acartia,pacifica,NA,(Ohtsuka et al. 2004),10.3354/meps282129,2
par,NA,Vampyrophrya,pelagica,NA,NA,Acrocalanus,gibber,NA,(Ohtsuka et al. 2004),10.3354/meps282129,2
par,NA,Vampyrophrya,pelagica,NA,NA,Calanus,sinicus,NA,(Ohtsuka et al. 2004),10.3354/meps282129,2
par,NA,Vampyrophrya,pelagica,NA,NA,Corycaeus,affinis,NA,(Ohtsuka et al. 2004),10.3354/meps282129,2
par,NA,Vampyrophrya,pelagica,NA,NA,Euterpina,acutifrons,NA,(Ohtsuka et al. 2004),10.3354/meps282129,2
par,NA,Vampyrophrya,pelagica,NA,NA,Oithona,attenuata,NA,(Ohtsuka et al. 2004),10.3354/meps282129,2
par,NA,Vampyrophrya,pelagica,NA,NA,Oithona,brevicornis,NA,(Ohtsuka et al. 2004),10.3354/meps282129,2
par,NA,Vampyrophrya,pelagica,NA,NA,Paracalanus,crassirostris,NA,(Ohtsuka et al. 2004),10.3354/meps282129,2
par,NA,Vampyrophrya,pelagica,NA,NA,Paracalanus,parvus,NA,(Ohtsuka et al. 2004),10.3354/meps282129,2
par,NA,Vampyrophrya,pelagica,NA,NA,Tortanus,forcipatus,NA,(Ohtsuka et al. 2004),10.3354/meps282129,2
par,NA,Amoebophrya,NA,NA,NA,Alexandrium,catenella,NA,(Park et al. 2004),10.1111/j.1550-7408.2004.tb00539.x,2
par,NA,Amoebophrya,NA,NA,NA,Ceratium,furca,NA,(Park et al. 2004),10.1111/j.1550-7408.2004.tb00539.x,2
par,NA,Amoebophrya,NA,NA,NA,Ceratium,fusus,NA,(Park et al. 2004),10.1111/j.1550-7408.2004.tb00539.x,2
par,NA,Amoebophrya,NA,NA,NA,Ceratium,longipes,NA,(Park et al. 2004),10.1111/j.1550-7408.2004.tb00539.x,2
par,NA,Amoebophrya,NA,NA,NA,Ceratium,macroceros,NA,(Park et al. 2004),10.1111/j.1550-7408.2004.tb00539.x,2
par,NA,Amoebophrya,NA,NA,NA,Cochlodinium,polykrikoides,NA,(Park et al. 2004),10.1111/j.1550-7408.2004.tb00539.x,2
par,NA,Amoebophrya,NA,NA,NA,Diplopsalis,lenticula,NA,(Park et al. 2004),10.1111/j.1550-7408.2004.tb00539.x,2
par,NA,Amoebophrya,NA,NA,NA,Gonodioma,NA,NA,(Park et al. 2004),10.1111/j.1550-7408.2004.tb00539.x,2
par,NA,Amoebophrya,NA,NA,NA,Gonyaulax,spinifera,NA,(Park et al. 2004),10.1111/j.1550-7408.2004.tb00539.x,2
par,NA,Amoebophrya,NA,NA,NA,Gyrodinium,aureolum,NA,(Park et al. 2004),10.1111/j.1550-7408.2004.tb00539.x,2
par,NA,Amoebophrya,NA,NA,NA,Gyrodinium,uncatenum,NA,(Park et al. 2004),10.1111/j.1550-7408.2004.tb00539.x,2
par,NA,Amoebophrya,NA,NA,NA,Heterocapsa,triquetra,NA,(Park et al. 2004),10.1111/j.1550-7408.2004.tb00539.x,2
par,NA,Amoebophrya,NA,NA,NA,Kryptoperidinium,foliaceum,NA,(Park et al. 2004),10.1111/j.1550-7408.2004.tb00539.x,2
par,NA,Amoebophrya,NA,NA,NA,Oblea,rotunda,NA,(Park et al. 2004),10.1111/j.1550-7408.2004.tb00539.x,2
par,NA,Amoebophrya,NA,NA,NA,Oxyrrhis,marina,NA,(Park et al. 2004),10.1111/j.1550-7408.2004.tb00539.x,2
par,NA,Amoebophrya,NA,NA,NA,Oxytoxum,NA,NA,(Park et al. 2004),10.1111/j.1550-7408.2004.tb00539.x,2
par,NA,Amoebophrya,NA,NA,NA,Phaeopolykrikos,NA,NA,(Park et al. 2004),10.1111/j.1550-7408.2004.tb00539.x,2
par,NA,Amoebophrya,NA,NA,NA,Plectodinium,nucleovolatum,NA,(Park et al. 2004),10.1111/j.1550-7408.2004.tb00539.x,2
par,NA,Amoebophrya,NA,NA,NA,Polykrikos,kofoidi,NA,(Park et al. 2004),10.1111/j.1550-7408.2004.tb00539.x,2
par,NA,Amoebophrya,NA,NA,NA,Preperidinium,meunieri,NA,(Park et al. 2004),10.1111/j.1550-7408.2004.tb00539.x,2
par,NA,Amoebophrya,NA,NA,NA,Prorocentrum,gracile,NA,(Park et al. 2004),10.1111/j.1550-7408.2004.tb00539.x,2
par,NA,Amoebophrya,NA,NA,NA,Protoperidinium,curvipes,NA,(Park et al. 2004),10.1111/j.1550-7408.2004.tb00539.x,2
par,NA,Amoebophrya,NA,NA,NA,Protoperidinium,depressum,NA,(Park et al. 2004),10.1111/j.1550-7408.2004.tb00539.x,2
par,NA,Amoebophrya,NA,NA,NA,Protoperidinium,minutum,NA,(Park et al. 2004),10.1111/j.1550-7408.2004.tb00539.x,2
par,NA,Amoebophrya,NA,NA,NA,Protoperidinium,pellucidum,NA,(Park et al. 2004),10.1111/j.1550-7408.2004.tb00539.x,2
par,NA,Parvilucifera,infectans,NA,NA,Akashiwo,sanguinea,NA,(Park et al. 2004),10.1111/j.1550-7408.2004.tb00539.x,2
par,NA,Parvilucifera,infectans,NA,NA,Alexandrium,affine,NA,(Park et al. 2004),10.1111/j.1550-7408.2004.tb00539.x,2
par,NA,Parvilucifera,infectans,NA,NA,Alexandrium,andersonii,NA,(Park et al. 2004),10.1111/j.1550-7408.2004.tb00539.x,2
par,NA,Parvilucifera,infectans,NA,NA,Alexandrium,catenella,NA,(Park et al. 2004),10.1111/j.1550-7408.2004.tb00539.x,2
par,NA,Parvilucifera,infectans,NA,NA,Alexandrium,fundyense,NA,(Park et al. 2004),10.1111/j.1550-7408.2004.tb00539.x,2
par,NA,Parvilucifera,infectans,NA,NA,Alexandrium,minutum,NA,(Park et al. 2004),10.1111/j.1550-7408.2004.tb00539.x,2
par,NA,Parvilucifera,infectans,NA,NA,Alexandrium,ostenfeldii,NA,(Park et al. 2004),10.1111/j.1550-7408.2004.tb00539.x,2
par,NA,Parvilucifera,infectans,NA,NA,Alexandrium,tamarense,NA,(Park et al. 2004),10.1111/j.1550-7408.2004.tb00539.x,2
par,NA,Parvilucifera,infectans,NA,NA,Ceratium,furca,NA,(Park et al. 2004),10.1111/j.1550-7408.2004.tb00539.x,2
par,NA,Parvilucifera,infectans,NA,NA,Ceratium,tripos,NA,(Park et al. 2004),10.1111/j.1550-7408.2004.tb00539.x,2
par,NA,Parvilucifera,infectans,NA,NA,Cochlodinium,polykrikoides,NA,(Park et al. 2004),10.1111/j.1550-7408.2004.tb00539.x,2
par,NA,Parvilucifera,infectans,NA,NA,Dinophysis,acuminata,NA,(Park et al. 2004),10.1111/j.1550-7408.2004.tb00539.x,2
par,NA,Parvilucifera,infectans,NA,NA,Dinophysis,acuta,NA,(Park et al. 2004),10.1111/j.1550-7408.2004.tb00539.x,2
par,NA,Parvilucifera,infectans,NA,NA,Dinophysis,dens,NA,(Park et al. 2004),10.1111/j.1550-7408.2004.tb00539.x,2
par,NA,Parvilucifera,infectans,NA,NA,Dinophysis,norvegica,NA,(Park et al. 2004),10.1111/j.1550-7408.2004.tb00539.x,2
par,NA,Parvilucifera,infectans,NA,NA,Diplopsalis,NA,NA,(Park et al. 2004),10.1111/j.1550-7408.2004.tb00539.x,2
par,NA,Parvilucifera,infectans,NA,NA,Gymnodinium,catenatum,NA,(Park et al. 2004),10.1111/j.1550-7408.2004.tb00539.x,2
par,NA,Parvilucifera,infectans,NA,NA,Gymnodinium,chlorophorum,NA,(Park et al. 2004),10.1111/j.1550-7408.2004.tb00539.x,2
par,NA,Parvilucifera,infectans,NA,NA,Gymnodinium,mikimotoi,NA,(Park et al. 2004),10.1111/j.1550-7408.2004.tb00539.x,2
par,NA,Parvilucifera,infectans,NA,NA,Heterocapsa,triquetra,NA,(Park et al. 2004),10.1111/j.1550-7408.2004.tb00539.x,2
par,NA,Parvilucifera,infectans,NA,NA,Prorocentrum,micans,NA,(Park et al. 2004),10.1111/j.1550-7408.2004.tb00539.x,2
par,NA,Parvilucifera,infectans,NA,NA,Protoperidinium,bipes,NA,(Park et al. 2004),10.1111/j.1550-7408.2004.tb00539.x,2
par,NA,Parvilucifera,infectans,NA,NA,Protoperidinium,brochii,NA,(Park et al. 2004),10.1111/j.1550-7408.2004.tb00539.x,2
par,NA,Parvilucifera,infectans,NA,NA,Protoperidinium,divergens,NA,(Park et al. 2004),10.1111/j.1550-7408.2004.tb00539.x,2
par,NA,Parvilucifera,infectans,NA,NA,Protoperidinium,pellucidum,NA,(Park et al. 2004),10.1111/j.1550-7408.2004.tb00539.x,2
par,NA,Parvilucifera,infectans,NA,NA,Scrippsiella,trochoidea,NA,(Park et al. 2004),10.1111/j.1550-7408.2004.tb00539.x,2
symb,Bacillariophyta,NA,NA,NA,NA,Dunrinskia,capensis,NA,(Pienaar et al. 2007),10.1007/s10265-006-0047-y,3
symb,NA,Brandtodinium,nutricula,KF557491,Spumellaria,NA,NA,NA,(Probert et al. 2014),10.1111/jpy.12174,3
symb,NA,Brandtodinium,nutricula,KF557492,Spumellaria,NA,NA,NA,(Probert et al. 2014),10.1111/jpy.12174,3
symb,NA,Brandtodinium,nutricula,KF557493,Nasselaria,NA,NA,NA,(Probert et al. 2014),10.1111/jpy.12174,3
symb,NA,Brandtodinium,nutricula,KF557494,Collodaria,NA,NA,NA,(Probert et al. 2014),10.1111/jpy.12174,3
symb,NA,Brandtodinium,nutricula,KF557495,Collodaria,NA,NA,NA,(Probert et al. 2014),10.1111/jpy.12174,3
symb,NA,Brandtodinium,nutricula,KF557496,Collodaria,NA,NA,NA,(Probert et al. 2014),10.1111/jpy.12174,3
symb,NA,Brandtodinium,nutricula,KF557497,Spumellaria,NA,NA,NA,(Probert et al. 2014),10.1111/jpy.12174,3
symb,NA,Brandtodinium,nutricula,KF557498,Spumellaria,NA,NA,NA,(Probert et al. 2014),10.1111/jpy.12174,3
symb,NA,Brandtodinium,nutricula,KF557499,Collodaria,NA,NA,NA,(Probert et al. 2014),10.1111/jpy.12174,3
symb,NA,Brandtodinium,nutricula,KF557500,Collodaria,NA,NA,NA,(Probert et al. 2014),10.1111/jpy.12174,3
symb,NA,Brandtodinium,nutricula,KF557501,Spumellaria,NA,NA,NA,(Probert et al. 2014),10.1111/jpy.12174,3
symb,NA,Brandtodinium,nutricula,KF557502,Collodaria,NA,NA,NA,(Probert et al. 2014),10.1111/jpy.12174,3
symb,NA,Brandtodinium,nutricula,KF557503,Collodaria,NA,NA,NA,(Probert et al. 2014),10.1111/jpy.12174,3
symb,NA,Brandtodinium,nutricula,KF557504,Collodaria,NA,NA,NA,(Probert et al. 2014),10.1111/jpy.12174,3
symb,NA,Brandtodinium,nutricula,KF557505,Collodaria,NA,NA,NA,(Probert et al. 2014),10.1111/jpy.12174,3
symb,NA,Brandtodinium,nutricula,KF557506,Collodaria,NA,NA,NA,(Probert et al. 2014),10.1111/jpy.12174,3
symb,NA,Brandtodinium,nutricula,KF557507,Collodaria,NA,NA,NA,(Probert et al. 2014),10.1111/jpy.12174,3
symb,NA,Brandtodinium,nutricula,KF557508,Collodaria,NA,NA,NA,(Probert et al. 2014),10.1111/jpy.12174,3
symb,NA,Brandtodinium,nutricula,KF557509,Collodaria,NA,NA,NA,(Probert et al. 2014),10.1111/jpy.12174,3
symb,NA,Brandtodinium,nutricula,KF557510,Collodaria,NA,NA,NA,(Probert et al. 2014),10.1111/jpy.12174,3
symb,NA,Brandtodinium,nutricula,KF557511,Collodaria,NA,NA,NA,(Probert et al. 2014),10.1111/jpy.12174,3
symb,NA,Brandtodinium,nutricula,KF557512,Collodaria,NA,NA,NA,(Probert et al. 2014),10.1111/jpy.12174,3
symb,NA,Brandtodinium,nutricula,KF557513,Collodaria,NA,NA,NA,(Probert et al. 2014),10.1111/jpy.12174,3
symb,NA,Brandtodinium,nutricula,KF557514,Collodaria,NA,NA,NA,(Probert et al. 2014),10.1111/jpy.12174,3
symb,NA,Brandtodinium,nutricula,KF557515,Collodaria,NA,NA,NA,(Probert et al. 2014),10.1111/jpy.12174,3
symb,NA,Brandtodinium,nutricula,KF557516,Collodaria,NA,NA,NA,(Probert et al. 2014),10.1111/jpy.12174,3
symb,NA,Brandtodinium,nutricula,KF557517,Collodaria,NA,NA,NA,(Probert et al. 2014),10.1111/jpy.12174,3
symb,NA,Brandtodinium,nutricula,KF557518,Collodaria,NA,NA,NA,(Probert et al. 2014),10.1111/jpy.12174,3
symb,NA,Brandtodinium,nutricula,KF557519,Collodaria,NA,NA,NA,(Probert et al. 2014),10.1111/jpy.12174,3
symb,NA,Brandtodinium,nutricula,KF557520,Collodaria,NA,NA,NA,(Probert et al. 2014),10.1111/jpy.12174,3
symb,NA,Brandtodinium,nutricula,KF557521,Collodaria,NA,NA,NA,(Probert et al. 2014),10.1111/jpy.12174,3
symb,NA,Brandtodinium,nutricula,KF557522,Spumellaria,NA,NA,NA,(Probert et al. 2014),10.1111/jpy.12174,3
symb,NA,Brandtodinium,nutricula,KF557523,Spumellaria,NA,NA,NA,(Probert et al. 2014),10.1111/jpy.12174,3
symb,NA,Brandtodinium,nutricula,KF557524,Spumellaria,NA,NA,NA,(Probert et al. 2014),10.1111/jpy.12174,3
symb,NA,Brandtodinium,nutricula,KF557525,Spumellaria,NA,NA,NA,(Probert et al. 2014),10.1111/jpy.12174,3
par,NA,Amoebophrya,NA,AY260469,NA,Dinophysis,norvegica,AY260470,(Salomon et al. 2003),10.1046/j.1462-2920.2003.00511.x,3
par,NA,Rhynchopus,coscinodiscovorus,NA,NA,Coscinodiscus,concinnus,NA,(Schnepf 1994),10.1016/S0003-9365(11)80225-3,2
par,NA,Phagomyxa,bellerocheae,NA,NA,Bellerochea,malleus,NA,(Schnepf et al. 2000),10.1007/s101520000056,2
par,NA,Phagomyxa,odontellae,NA,NA,Odontella,sinensis,NA,(Schnepf et al. 2000),10.1007/s101520000056,2
symb,Dictyochophyceae,NA,NA,NA,NA,Podolampas,bipes,NA,(Schweikert & Elbrächter 2004),10.2216/i0031-8884-43-5-614.1,2
symb,NA,Pelagodinium,beii,NA,NA,Globigerinoides,NA,NA,(Shaked & de Vargas 2006),10.3354/meps325059,3
symb,NA,Pelagodinium,beii,GQ422124,NA,Orbulina,universa,NA,(Siano et al. 2010),10.1016/j.protis.2010.01.002,3
par,Syndiniales,NA,NA,EU189027,NA,Clausocalanus,NA,NA,(Skovgaard & Daugbjerg 2008),10.1016/j.protis.2008.02.003,3
par,Syndiniales,NA,NA,EU189028,NA,Clausocalanus,NA,NA,(Skovgaard & Daugbjerg 2008),10.1016/j.protis.2008.02.003,3
par,NA,Paradinium,NA,EU189032,NA,Euterpina,acutifrons,NA,(Skovgaard & Daugbjerg 2008),10.1016/j.protis.2008.02.003,3
par,NA,Paradinium,poucheti,EU189029,NA,Oithona,similis,NA,(Skovgaard & Daugbjerg 2008),10.1016/j.protis.2008.02.003,3
par,NA,Paradinium,poucheti,EU189030,NA,Oithona,similis,NA,(Skovgaard & Daugbjerg 2008),10.1016/j.protis.2008.02.003,3
par,NA,Paradinium,poucheti,EU189031,NA,Oithona,similis,NA,(Skovgaard & Daugbjerg 2008),10.1016/j.protis.2008.02.003,3
par,NA,Ellobiopsis,fagei,NA,NA,Calocalanus,NA,NA,(Skovgaard & Saiz 2006),10.3354/meps327037,2
par,NA,Ellobiopsis,NA,NA,NA,Temora,stylifera,NA,(Skovgaard & Saiz 2006),10.3354/meps327037,2
par,NA,Oodinium,NA,NA,NA,Oikopleura,NA,NA,(Skovgaard & Saiz 2006),10.3354/meps327037,2
par,NA,Pseudohimantidium,pacificum,NA,NA,Corycaeus,NA,NA,(Skovgaard & Saiz 2006),10.3354/meps327037,2
par,NA,Sceptronema,orientale,NA,NA,Euterpina,acutiformis,NA,(Skovgaard & Saiz 2006),10.3354/meps327037,2
par,NA,Syndinium,NA,NA,NA,Clausocalanus,arcuicornis,NA,(Skovgaard & Saiz 2006),10.3354/meps327037,2
par,NA,Syndinium,NA,NA,NA,Corycaeus,giesbrechti,NA,(Skovgaard & Saiz 2006),10.3354/meps327037,2
par,NA,Syndinium,NA,NA,NA,Euterpina,acutifrons,NA,(Skovgaard & Saiz 2006),10.3354/meps327037,2
par,NA,Syndinium,NA,NA,NA,Oithona,similis,NA,(Skovgaard & Saiz 2006),10.3354/meps327037,2
par,NA,Syndinium,NA,DQ146406,NA,Corycaeus,NA,NA,(Skovgaard et al. 2005),10.1016/j.protis.2005.08.002,3
par,NA,Syndinium,turbo,DQ146403,NA,Paracalanus,parvus,NA,(Skovgaard et al. 2005),10.1016/j.protis.2005.08.002,3
par,NA,Syndinium,turbo,DQ146404,NA,Paracalanus,parvus,NA,(Skovgaard et al. 2005),10.1016/j.protis.2005.08.002,3
par,NA,Syndinium,turbo,DQ146405,NA,Paracalanus,parvus,NA,(Skovgaard et al. 2005),10.1016/j.protis.2005.08.002,3
par,NA,Blastodinium,apsteini,NA,NA,Clausocalanus,arcuicornis,NA,(Skovgaard et al. 2012),10.3389/fmicb.2012.00305,2
par,NA,Blastodinium,apsteini,NA,NA,Clausocalanus,furcatus,NA,(Skovgaard et al. 2012),10.3389/fmicb.2012.00305,2
par,NA,Blastodinium,apsteini,NA,NA,Paracalanus,aculeatus,NA,(Skovgaard et al. 2012),10.3389/fmicb.2012.00305,2
par,NA,Blastodinium,chattoni,NA,NA,Clausocalanus,arcuicornis,NA,(Skovgaard et al. 2012),10.3389/fmicb.2012.00305,2
par,NA,Blastodinium,chattoni,NA,NA,Clausocalanus,furcatus,NA,(Skovgaard et al. 2012),10.3389/fmicb.2012.00305,2
par,NA,Blastodinium,chattoni,NA,NA,Cosmocalanus,darwini,NA,(Skovgaard et al. 2012),10.3389/fmicb.2012.00305,2
par,NA,Blastodinium,chattoni,NA,NA,Euchaeta,indica,NA,(Skovgaard et al. 2012),10.3389/fmicb.2012.00305,2
par,NA,Blastodinium,chattoni,NA,NA,Nannocalanus,minor,NA,(Skovgaard et al. 2012),10.3389/fmicb.2012.00305,2
par,NA,Blastodinium,chattoni,NA,NA,Paracalanus,aculeatus,NA,(Skovgaard et al. 2012),10.3389/fmicb.2012.00305,2
par,NA,Blastodinium,chattoni,NA,NA,Paracalanus,denudatus,NA,(Skovgaard et al. 2012),10.3389/fmicb.2012.00305,2
par,NA,Blastodinium,chattoni,NA,NA,Paracalanus,parvus,NA,(Skovgaard et al. 2012),10.3389/fmicb.2012.00305,2
par,NA,Blastodinium,contortum,NA,NA,Acartia,clausi,NA,(Skovgaard et al. 2012),10.3389/fmicb.2012.00305,2
par,NA,Blastodinium,contortum,NA,NA,Acrocalanus,gracilis,NA,(Skovgaard et al. 2012),10.3389/fmicb.2012.00305,2
par,NA,Blastodinium,contortum,NA,NA,Calocalanus,styliremis,NA,(Skovgaard et al. 2012),10.3389/fmicb.2012.00305,2
par,NA,Blastodinium,contortum,DQ317537,NA,Clausocalanus,arcuicornis,NA,(Skovgaard et al. 2012),10.3389/fmicb.2012.00305,3
par,NA,Blastodinium,contortum,NA,NA,Clausocalanus,furcatus,NA,(Skovgaard et al. 2012),10.3389/fmicb.2012.00305,2
par,NA,Blastodinium,contortum,NA,NA,Clausocalanus,lividus,NA,(Skovgaard et al. 2012),10.3389/fmicb.2012.00305,2
par,NA,Blastodinium,contortum,NA,NA,Cosmocalanus,darwini,NA,(Skovgaard et al. 2012),10.3389/fmicb.2012.00305,2
par,NA,Blastodinium,contortum,NA,NA,Euchaeta,indica,NA,(Skovgaard et al. 2012),10.3389/fmicb.2012.00305,2
par,NA,Blastodinium,contortum,JN257680,Calanoida,NA,NA,NA,(Skovgaard et al. 2012),10.3389/fmicb.2012.00305,3
par,NA,Blastodinium,contortum,JX473667,NA,Nannocalanus,minor,NA,(Skovgaard et al. 2012),10.3389/fmicb.2012.00305,3
par,NA,Blastodinium,contortum,NA,NA,Paracalanus,aculeatus,NA,(Skovgaard et al. 2012),10.3389/fmicb.2012.00305,2
par,NA,Blastodinium,contortum,NA,NA,Paracalanus,denudatus,NA,(Skovgaard et al. 2012),10.3389/fmicb.2012.00305,2
par,NA,Blastodinium,contortum,DQ317536,NA,Paracalanus,parvus,NA,(Skovgaard et al. 2012),10.3389/fmicb.2012.00305,3
par,NA,Blastodinium,contortum,FJ228701,NA,Paracalanus,parvus,NA,(Skovgaard et al. 2012),10.3389/fmicb.2012.00305,3
par,NA,Blastodinium,contortum,NA,NA,Subeucalanus,pileatus,NA,(Skovgaard et al. 2012),10.3389/fmicb.2012.00305,2
par,NA,Blastodinium,contortum,NA,NA,Subeucalanus,subtenuis,NA,(Skovgaard et al. 2012),10.3389/fmicb.2012.00305,2
par,NA,Blastodinium,contortum,NA,NA,Temora,stylifera,GU969210,(Skovgaard et al. 2012),10.3389/fmicb.2012.00305,2
par,NA,Blastodinium,crassum,NA,NA,Calocalanus,styliremis,NA,(Skovgaard et al. 2012),10.3389/fmicb.2012.00305,2
par,NA,Blastodinium,crassum,NA,NA,Clausocalanus,arcuicornis,NA,(Skovgaard et al. 2012),10.3389/fmicb.2012.00305,2
par,NA,Blastodinium,crassum,NA,NA,Clausocalanus,furcatus,NA,(Skovgaard et al. 2012),10.3389/fmicb.2012.00305,2
par,NA,Blastodinium,crassum,NA,NA,Paracalanus,aculeatus,NA,(Skovgaard et al. 2012),10.3389/fmicb.2012.00305,2
par,NA,Blastodinium,crassum,NA,NA,Paracalanus,nanus,NA,(Skovgaard et al. 2012),10.3389/fmicb.2012.00305,2
par,NA,Blastodinium,crassum,FJ228702,NA,Paracalanus,parvus,NA,(Skovgaard et al. 2012),10.3389/fmicb.2012.00305,3
par,NA,Blastodinium,elongatum,NA,NA,Centropages,NA,NA,(Skovgaard et al. 2012),10.3389/fmicb.2012.00305,2
par,NA,Blastodinium,elongatum,NA,NA,Scolecithrix,bradyi,NA,(Skovgaard et al. 2012),10.3389/fmicb.2012.00305,2
par,NA,Blastodinium,galatheanum,NA,NA,Acartia,NA,NA,(Skovgaard et al. 2012),10.3389/fmicb.2012.00305,2
par,NA,Blastodinium,galatheanum,FJ541187,NA,Acartia,negligens,NA,(Skovgaard et al. 2012),10.3389/fmicb.2012.00305,3
par,NA,Blastodinium,galatheanum,FJ541188,NA,Acartia,negligens,NA,(Skovgaard et al. 2012),10.3389/fmicb.2012.00305,3
par,NA,Blastodinium,hyalinum,NA,NA,Acartia,clausi,NA,(Skovgaard et al. 2012),10.3389/fmicb.2012.00305,2
par,NA,Blastodinium,hyalinum,NA,NA,Calanus,finmarchicus,NA,(Skovgaard et al. 2012),10.3389/fmicb.2012.00305,2
par,NA,Blastodinium,hyalinum,NA,NA,Centropages,NA,NA,(Skovgaard et al. 2012),10.3389/fmicb.2012.00305,2
par,NA,Blastodinium,hyalinum,NA,NA,Clausocalanus,arcuicornis,NA,(Skovgaard et al. 2012),10.3389/fmicb.2012.00305,2
par,NA,Blastodinium,hyalinum,NA,NA,Clausocalanus,furcatus,NA,(Skovgaard et al. 2012),10.3389/fmicb.2012.00305,2
par,NA,Blastodinium,hyalinum,NA,NA,Paracalanus,aculeatus,NA,(Skovgaard et al. 2012),10.3389/fmicb.2012.00305,2
par,NA,Blastodinium,hyalinum,NA,NA,Paracalanus,denudatus,NA,(Skovgaard et al. 2012),10.3389/fmicb.2012.00305,2
par,NA,Blastodinium,hyalinum,NA,NA,Paracalanus,NA,NA,(Skovgaard et al. 2012),10.3389/fmicb.2012.00305,2
par,NA,Blastodinium,hyalinum,NA,NA,Paracalanus,parvus,NA,(Skovgaard et al. 2012),10.3389/fmicb.2012.00305,2
par,NA,Blastodinium,hyalinum,NA,NA,Paraeuchaeta,antarctica,NA,(Skovgaard et al. 2012),10.3389/fmicb.2012.00305,2
par,NA,Blastodinium,hyalinum,NA,NA,Pseudocalanus,elongatus,NA,(Skovgaard et al. 2012),10.3389/fmicb.2012.00305,2
par,NA,Blastodinium,hyalinum,NA,NA,Pseudocalanus,NA,NA,(Skovgaard et al. 2012),10.3389/fmicb.2012.00305,2
par,NA,Blastodinium,inornatum,NA,NA,Clausocalanus,arcuicornis,NA,(Skovgaard et al. 2012),10.3389/fmicb.2012.00305,2
par,NA,Blastodinium,inornatum,NA,NA,Clausocalanus,furcatus,NA,(Skovgaard et al. 2012),10.3389/fmicb.2012.00305,2
par,NA,Blastodinium,inornatum,HQ226069,NA,Clausocalanus,NA,NA,(Skovgaard et al. 2012),10.3389/fmicb.2012.00305,3
par,NA,Blastodinium,inornatum,NA,NA,Paracalanus,parvus,NA,(Skovgaard et al. 2012),10.3389/fmicb.2012.00305,2
par,NA,Blastodinium,mangini,NA,NA,Farranula,gibbula,NA,(Skovgaard et al. 2012),10.3389/fmicb.2012.00305,2
par,NA,Blastodinium,mangini,JN257674,NA,Farranula,rostrata,NA,(Skovgaard et al. 2012),10.3389/fmicb.2012.00305,3
par,NA,Blastodinium,mangini,JN257677,NA,Farranula,rostrata,NA,(Skovgaard et al. 2012),10.3389/fmicb.2012.00305,3
par,NA,Blastodinium,mangini,NA,NA,Oncaea,media,NA,(Skovgaard et al. 2012),10.3389/fmicb.2012.00305,2
par,NA,Blastodinium,mangini,JX473655,NA,Oncaea,NA,NA,(Skovgaard et al. 2012),10.3389/fmicb.2012.00305,3
par,NA,Blastodinium,mangini,JX473656,NA,Oncaea,NA,NA,(Skovgaard et al. 2012),10.3389/fmicb.2012.00305,3
par,NA,Blastodinium,mangini,JX473657,NA,Oncaea,NA,NA,(Skovgaard et al. 2012),10.3389/fmicb.2012.00305,3
par,NA,Blastodinium,mangini,JX473658,NA,Oncaea,NA,NA,(Skovgaard et al. 2012),10.3389/fmicb.2012.00305,3
par,NA,Blastodinium,mangini,JX473659,NA,Oncaea,NA,NA,(Skovgaard et al. 2012),10.3389/fmicb.2012.00305,3
par,NA,Blastodinium,mangini,JX473664,NA,Oncaea,NA,NA,(Skovgaard et al. 2012),10.3389/fmicb.2012.00305,3
par,NA,Blastodinium,mangini,NA,NA,Oncaea,scottodicarloi,NA,(Skovgaard et al. 2012),10.3389/fmicb.2012.00305,2
par,NA,Blastodinium,mangini,NA,NA,Oncaea,venusta,NA,(Skovgaard et al. 2012),10.3389/fmicb.2012.00305,2
par,NA,Blastodinium,mangini,NA,NA,Triconia,conifera,NA,(Skovgaard et al. 2012),10.3389/fmicb.2012.00305,2
par,NA,Blastodinium,mangini,NA,NA,Triconia,minuta,NA,(Skovgaard et al. 2012),10.3389/fmicb.2012.00305,2
par,NA,Blastodinium,NA,NA,NA,Acrocalanus,longicornis,NA,(Skovgaard et al. 2012),10.3389/fmicb.2012.00305,2
par,NA,Blastodinium,NA,NA,NA,Aetidius,giesbrechti,NA,(Skovgaard et al. 2012),10.3389/fmicb.2012.00305,2
par,NA,Blastodinium,NA,NA,NA,Centropages,typicus,NA,(Skovgaard et al. 2012),10.3389/fmicb.2012.00305,2
par,NA,Blastodinium,NA,NA,NA,Clausocalanus,arcuicornis,NA,(Skovgaard et al. 2012),10.3389/fmicb.2012.00305,2
par,NA,Blastodinium,NA,NA,NA,Clausocalanus,furcatus,NA,(Skovgaard et al. 2012),10.3389/fmicb.2012.00305,2
par,NA,Blastodinium,NA,NA,NA,Clausocalanus,parapergens,NA,(Skovgaard et al. 2012),10.3389/fmicb.2012.00305,2
par,NA,Blastodinium,NA,NA,NA,Corycaeus,giesbrechti,NA,(Skovgaard et al. 2012),10.3389/fmicb.2012.00305,2
par,NA,Blastodinium,NA,JN257669,NA,Farranula,rostrata,NA,(Skovgaard et al. 2012),10.3389/fmicb.2012.00305,3
par,NA,Blastodinium,NA,JN257678,NA,Farranula,rostrata,NA,(Skovgaard et al. 2012),10.3389/fmicb.2012.00305,3
par,NA,Blastodinium,NA,JN257679,NA,Farranula,rostrata,NA,(Skovgaard et al. 2012),10.3389/fmicb.2012.00305,3
par,NA,Blastodinium,NA,JN257675,NA,Oncaea,NA,NA,(Skovgaard et al. 2012),10.3389/fmicb.2012.00305,3
par,NA,Blastodinium,NA,JN257670,NA,Paracalanus,NA,NA,(Skovgaard et al. 2012),10.3389/fmicb.2012.00305,3
par,NA,Blastodinium,NA,NA,NA,Paracalanus,parvus,NA,(Skovgaard et al. 2012),10.3389/fmicb.2012.00305,2
par,NA,Blastodinium,NA,NA,NA,Temora,stylifera,GU969210,(Skovgaard et al. 2012),10.3389/fmicb.2012.00305,2
par,NA,Blastodinium,navicula,JX473662,NA,Corycaeus,furcifer,NA,(Skovgaard et al. 2012),10.3389/fmicb.2012.00305,3
par,NA,Blastodinium,navicula,DQ317538,NA,Corycaeus,giesbrechti,NA,(Skovgaard et al. 2012),10.3389/fmicb.2012.00305,3
par,NA,Blastodinium,navicula,JX473660,NA,Corycaeus,giesbrechti,NA,(Skovgaard et al. 2012),10.3389/fmicb.2012.00305,3
par,NA,Blastodinium,navicula,JX473661,NA,Corycaeus,giesbrechti,NA,(Skovgaard et al. 2012),10.3389/fmicb.2012.00305,3
par,NA,Blastodinium,navicula,JX473665,NA,Corycaeus,giesbrechti,NA,(Skovgaard et al. 2012),10.3389/fmicb.2012.00305,3
par,NA,Blastodinium,navicula,NA,NA,Oncaea,venusta,NA,(Skovgaard et al. 2012),10.3389/fmicb.2012.00305,2
par,NA,Blastodinium,oviforme,NA,NA,Corycaeus,crassiusculus,NA,(Skovgaard et al. 2012),10.3389/fmicb.2012.00305,2
par,NA,Blastodinium,oviforme,NA,NA,Corycaeus,speciosus,NA,(Skovgaard et al. 2012),10.3389/fmicb.2012.00305,2
par,NA,Blastodinium,oviforme,NA,NA,Farranula,gibbula,NA,(Skovgaard et al. 2012),10.3389/fmicb.2012.00305,2
par,NA,Blastodinium,oviforme,JX473666,NA,Oithona,NA,NA,(Skovgaard et al. 2012),10.3389/fmicb.2012.00305,3
par,NA,Blastodinium,oviforme,NA,NA,Oithona,nana,NA,(Skovgaard et al. 2012),10.3389/fmicb.2012.00305,2
par,NA,Blastodinium,oviforme,NA,NA,Oithona,plumifera,NA,(Skovgaard et al. 2012),10.3389/fmicb.2012.00305,2
par,NA,Blastodinium,oviforme,NA,NA,Oithona,similis,NA,(Skovgaard et al. 2012),10.3389/fmicb.2012.00305,2
par,NA,Blastodinium,oviforme,NA,NA,Oncaea,media,NA,(Skovgaard et al. 2012),10.3389/fmicb.2012.00305,2
par,NA,Blastodinium,oviforme,NA,NA,Oncaea,venusta,NA,(Skovgaard et al. 2012),10.3389/fmicb.2012.00305,2
par,NA,Blastodinium,oviforme,NA,NA,Triconia,conifera,NA,(Skovgaard et al. 2012),10.3389/fmicb.2012.00305,2
par,NA,Blastodinium,pruvoti,NA,NA,Clausocalanus,arcuicornis,NA,(Skovgaard et al. 2012),10.3389/fmicb.2012.00305,2
par,NA,Blastodinium,pruvoti,NA,NA,Clausocalanus,furcatus,NA,(Skovgaard et al. 2012),10.3389/fmicb.2012.00305,2
par,NA,Blastodinium,pruvoti,FJ541189,NA,Clausocalanus,NA,NA,(Skovgaard et al. 2012),10.3389/fmicb.2012.00305,3
par,NA,Blastodinium,pruvoti,NA,NA,Nannocalanus,minor,NA,(Skovgaard et al. 2012),10.3389/fmicb.2012.00305,2
par,NA,Blastodinium,pruvoti,NA,NA,Paracalanus,parvus,NA,(Skovgaard et al. 2012),10.3389/fmicb.2012.00305,2
par,NA,Blastodinium,spinulosum,NA,NA,Acrocalanus,gracilis,NA,(Skovgaard et al. 2012),10.3389/fmicb.2012.00305,2
par,NA,Blastodinium,spinulosum,NA,NA,Clausocalanus,arcuicornis,NA,(Skovgaard et al. 2012),10.3389/fmicb.2012.00305,2
par,NA,Blastodinium,spinulosum,NA,NA,Clausocalanus,farrani,NA,(Skovgaard et al. 2012),10.3389/fmicb.2012.00305,2
par,NA,Blastodinium,spinulosum,NA,NA,Clausocalanus,furcatus,NA,(Skovgaard et al. 2012),10.3389/fmicb.2012.00305,2
par,NA,Blastodinium,spinulosum,HQ226071,NA,Clausocalanus,NA,NA,(Skovgaard et al. 2012),10.3389/fmicb.2012.00305,3
par,NA,Blastodinium,spinulosum,HQ226072,NA,Clausocalanus,NA,NA,(Skovgaard et al. 2012),10.3389/fmicb.2012.00305,3
par,NA,Blastodinium,spinulosum,JX473663,NA,Clausocalanus,NA,NA,(Skovgaard et al. 2012),10.3389/fmicb.2012.00305,3
par,NA,Blastodinium,spinulosum,NA,NA,Paracalanus,aculeatus,NA,(Skovgaard et al. 2012),10.3389/fmicb.2012.00305,2
par,NA,Blastodinium,spinulosum,NA,NA,Paracalanus,denudatus,NA,(Skovgaard et al. 2012),10.3389/fmicb.2012.00305,2
par,NA,Blastodinium,spinulosum,HQ226070,NA,Paracalanus,parvus,NA,(Skovgaard et al. 2012),10.3389/fmicb.2012.00305,3
symb,Dinophyceae,NA,NA,NA,NA,Didymocyrtis,tetrathalamus,NA,(Sugiyama & Anderson 1998),http://www.jstor.org/stable/1486050,2
symb,Dinophyceae,NA,NA,NA,NA,Pterocorys,zancleus,NA,(Sugiyama & Anderson 1998),http://www.jstor.org/stable/1486050,2
symb,Dinophyceae,NA,NA,NA,NA,Acrosphaera,spinosa,NA,(Swanberg 1983),http://www.jstor.org/stable/2836526,2
par,NA,Falcula,hyalina,NA,NA,Acartia,steueri,NA,"(Takano, 1983)",http://www.algaebase.org/pdf/AC100CF013f2e18D12sjJ427F7CD/Takano_1983b.pdf,2
par,NA,Licmophora,unidenticulata,NA,NA,Macrosetella,gracilis,NA,"(Takano, 1983)",http://www.algaebase.org/pdf/AC100CF013f2e18D12sjJ427F7CD/Takano_1983b.pdf,2
symb,Bacillariophyta,NA,NA,NA,NA,Galeidinium,rugatum,NA,(Tamura et al. 2005),10.1111/j.1529-8817.2005.00085.x,2
symb,Prymnesiophyceae,NA,NA,NA,NA,Globorotalia,menardii,NA,(Taylor 1982),"http://scholar.google.com/scholar.bib?q=info:nS7AbXP7txYJ:scholar.google.com/&output=citation&scisig=AAGBfm0AAAAAUJvf9EfTpk9FyXt59r8Nx9AbW3bO7dPd&scisf=4&hl=en&num=100&as_sdt=0,5",2
par,NA,Trypanophis,major,NA,NA,Abylopsis,pentagona,NA,(Théodoridès 1989),10.1016/S0065-2881(08)60189-3,2
par,NA,Trypanophis,grobbeni,NA,NA,Halistema,NA,NA,(Théodoridès 1989),10.1016/S0065-2881(08)60189-3,2
symb,Bacillariophyta,NA,NA,NA,NA,Dunrinskia,baltica,NA,(Tomas & Cox 1973),10.1111/j.1529-8817.1973.tb04098.x,2
par,NA,Ellobiopsis,NA,NA,NA,Calanus,finmarchicus,NA,(Walkusz & Rolbiecki 2007),http://www.iopan.gda.pl/oceanologia/49_3.html#A5,2
par,NA,Ellobiopsis,NA,NA,NA,Calanus,glacialis,NA,(Walkusz & Rolbiecki 2007),http://www.iopan.gda.pl/oceanologia/49_3.html#A5,2
par,NA,Paracineta,NA,NA,NA,Metridia,longa,NA,(Walkusz & Rolbiecki 2007),http://www.iopan.gda.pl/oceanologia/49_3.html#A5,2
par,NA,Paracineta,NA,NA,NA,Paraeuchaeta,norvegica,NA,(Walkusz & Rolbiecki 2007),http://www.iopan.gda.pl/oceanologia/49_3.html#A5,2
par,NA,Amoebophrya,NA,AY775284,NA,Alexandrium,affine,AY775286,Unpublished,Unpublished,1
par,NA,Amoebophrya,NA,AY260467,NA,Ceratium,lineatum,NA,Unpublished,Unpublished,1
par,NA,Amoebophrya,NA,AY208892,NA,Ceratium,tripos,NA,Unpublished,Unpublished,1
par,NA,Amoebophrya,NA,AY260468,NA,Ceratium,tripos,NA,Unpublished,Unpublished,1
par,NA,Amoebophrya,NA,AY775285,NA,Gonyaulax,polygramma,AY775287,Unpublished,Unpublished,1
par,NA,Amoebophrya,NA,AY208893,NA,Prorocentrum,micans,NA,Unpublished,Unpublished,1
par,NA,Amoebophrya,NA,AY208894,NA,Prorocentrum,minimum,NA,Unpublished,Unpublished,1